idpalavra,COUNT(palavra_localizacao.idpalavra),palavra,polaridade_LIWC,polaridade_OpLexicon,polaridade_ReLiLex,polaridade_Sentilex,polaridade_WordnetBr
130,7707,segundo,NULL,0,NULL,NULL,NULL
523,5946,ser,NULL,1,NULL,NULL,NULL
271,5455,dados,NULL,0,NULL,NULL,NULL
1123,4332,presidente,NULL,0,NULL,NULL,NULL
55,4253,maior,1,0,NULL,NULL,NULL
1669,4246,queda,-1,0,NULL,NULL,NULL
84,4140,gratuito,NULL,0,NULL,NULL,NULL
78,3718,melhores,1,1,NULL,NULL,NULL
81,3696,investir,1,-1,NULL,NULL,NULL
1682,3603,alta,NULL,0,NULL,NULL,NULL
88,3490,conseguiu,1,NULL,NULL,NULL,NULL
89,3261,extrair,NULL,0,NULL,NULL,NULL
94,3233,antigo,NULL,0,NULL,0,NULL
708,3226,valor,1,NULL,NULL,NULL,NULL
76,3205,recomendado,NULL,0,NULL,1,NULL
92,3188,ganhava,1,NULL,NULL,NULL,NULL
418,3174,novo,NULL,1,1,NULL,NULL
467,3069,capital,NULL,-1,NULL,NULL,NULL
171,3042,acordo,1,NULL,NULL,NULL,NULL
211,2976,ter,NULL,0,NULL,NULL,NULL
487,2719,meio,NULL,0,NULL,NULL,NULL
1713,2554,crédito,1,NULL,NULL,NULL,NULL
287,2475,geral,NULL,0,NULL,NULL,NULL
122,2362,possível,NULL,0,NULL,NULL,NULL
1684,2348,primeiro,NULL,0,NULL,NULL,NULL
1624,2279,aumento,1,NULL,NULL,NULL,NULL
734,2279,parte,1,NULL,NULL,NULL,NULL
222,2192,feita,NULL,1,NULL,NULL,NULL
501,2185,forma,1,NULL,NULL,NULL,NULL
99,2161,imposto,NULL,-1,NULL,-1,NULL
1717,2127,analistas,NULL,0,NULL,NULL,NULL
939,2097,ativos,NULL,1,NULL,NULL,NULL
240,2084,fazer,NULL,0,NULL,NULL,NULL
1461,2021,preço,1,NULL,NULL,NULL,NULL
114,2008,proteção,1,NULL,NULL,NULL,NULL
470,2002,analista,NULL,0,NULL,0,NULL
350,1989,mundo,NULL,1,-1,NULL,NULL
1170,1967,risco,-1,NULL,NULL,NULL,NULL
1026,1952,xp,NULL,1,NULL,NULL,NULL
284,1909,gerais,1,0,NULL,NULL,NULL
290,1905,sucesso,1,NULL,NULL,1,NULL
2333,1878,lucro,1,NULL,NULL,NULL,NULL
425,1861,nova,NULL,1,NULL,NULL,NULL
940,1832,passado,NULL,-1,NULL,-1,NULL
22,1828,nacional,NULL,0,NULL,NULL,NULL
1059,1811,financeiro,NULL,0,NULL,NULL,NULL
2080,1798,grande,1,0,1,NULL,NULL
272,1788,pessoais,NULL,0,NULL,NULL,NULL
791,1770,econômica,NULL,0,NULL,NULL,NULL
123,1758,segunda,NULL,0,NULL,NULL,NULL
292,1748,erro,-1,NULL,-1,-1,NULL
275,1745,utilizados,NULL,0,NULL,NULL,NULL
97,1724,aumentar,NULL,1,NULL,NULL,NULL
357,1682,unidos,NULL,1,NULL,NULL,NULL
24,1648,social,NULL,0,NULL,NULL,NULL
293,1627,inesperado,NULL,0,NULL,0,NULL
280,1623,publicitário,NULL,0,NULL,NULL,NULL
462,1603,bem,1,NULL,1,NULL,NULL
195,1596,fim,1,NULL,NULL,NULL,NULL
483,1589,média,NULL,0,NULL,NULL,NULL
575,1539,melhor,1,1,NULL,0,NULL
205,1527,recomendações,1,NULL,NULL,NULL,NULL
1824,1495,política,NULL,0,NULL,NULL,NULL
1109,1481,forte,1,1,1,1,NULL
177,1420,saúde,1,NULL,NULL,NULL,NULL
436,1384,futuro,NULL,0,NULL,NULL,NULL
466,1363,multiplicar,NULL,0,NULL,NULL,NULL
1774,1343,redução,-1,NULL,NULL,NULL,NULL
2094,1329,central,NULL,0,NULL,NULL,NULL
1180,1317,total,NULL,0,NULL,NULL,NULL
2440,1307,expectativa,1,NULL,NULL,NULL,1
1441,1304,longo,NULL,0,NULL,NULL,NULL
448,1294,próximos,NULL,0,NULL,NULL,NULL
1920,1292,final,1,0,NULL,NULL,NULL
1174,1269,menor,-1,0,NULL,NULL,NULL
328,1252,partir,-1,-1,NULL,NULL,NULL
891,1250,novos,NULL,1,NULL,NULL,NULL
465,1249,descobrir,NULL,-1,NULL,NULL,NULL
2334,1240,líquido,NULL,0,NULL,NULL,NULL
2833,1214,decisão,1,NULL,NULL,NULL,NULL
443,1208,principais,1,0,NULL,NULL,NULL
53,1203,maiores,1,0,NULL,NULL,NULL
929,1169,desempenho,1,NULL,NULL,NULL,NULL
2949,1155,auxílio,1,NULL,NULL,NULL,1
490,1145,quarta,NULL,0,NULL,NULL,NULL
1531,1142,primeira,NULL,0,NULL,NULL,NULL
3019,1125,gastos,NULL,-1,NULL,NULL,NULL
3972,1122,brasileiro,NULL,0,NULL,NULL,NULL
2328,1122,baixa,-1,0,NULL,NULL,NULL
1686,1091,fiscal,NULL,0,NULL,NULL,NULL
3774,1089,brasileira,NULL,0,NULL,NULL,NULL
2049,1087,abaixo,-1,NULL,NULL,NULL,NULL
613,1087,impacto,-1,-1,NULL,NULL,NULL
2838,1077,valores,1,NULL,NULL,NULL,NULL
714,1076,atual,NULL,0,1,NULL,NULL
15,1069,quinta,NULL,0,NULL,NULL,NULL
1303,1062,anual,NULL,0,NULL,NULL,NULL
1763,1051,anterior,NULL,0,NULL,NULL,NULL
141,1046,público,NULL,0,NULL,NULL,NULL
1679,1033,dívida,NULL,NULL,NULL,NULL,-1
1724,1024,plano,NULL,0,NULL,NULL,NULL
1371,1024,potencial,NULL,1,NULL,NULL,NULL
1256,1020,ganhos,1,NULL,NULL,NULL,NULL
949,997,grandes,1,0,NULL,NULL,NULL
2715,992,sexta,NULL,0,NULL,NULL,NULL
503,988,global,NULL,0,NULL,NULL,NULL
1066,977,importante,1,1,1,NULL,NULL
1836,956,últimos,NULL,0,NULL,NULL,NULL
1466,947,pouco,NULL,-1,NULL,NULL,NULL
496,940,novas,NULL,1,NULL,NULL,NULL
4905,932,líquida,NULL,0,NULL,NULL,NULL
127,891,última,NULL,0,NULL,NULL,NULL
1201,886,menores,-1,0,NULL,NULL,NULL
197,880,segurança,1,NULL,NULL,1,NULL
963,871,positivo,1,1,1,1,NULL
2515,869,mesma,NULL,0,NULL,NULL,NULL
3981,852,alvo,NULL,1,NULL,NULL,NULL
2660,851,diretor,NULL,1,NULL,NULL,NULL
563,834,digital,NULL,0,NULL,NULL,NULL
1408,814,nível,NULL,0,NULL,NULL,NULL
1433,808,real,1,1,1,1,NULL
2596,802,pública,NULL,0,NULL,NULL,NULL
2115,800,americano,NULL,0,NULL,NULL,NULL
2265,800,avaliação,1,NULL,NULL,NULL,NULL
2352,795,conforme,1,NULL,NULL,NULL,NULL
1573,786,tesouro,1,NULL,NULL,NULL,NULL
4506,786,consumidor,NULL,-1,NULL,NULL,NULL
1448,782,econômico,NULL,0,NULL,1,NULL
2900,778,rio,1,NULL,NULL,NULL,NULL
498,777,vão,-1,-1,NULL,-1,NULL
564,775,precisa,1,1,NULL,NULL,NULL
1169,774,movimento,1,NULL,NULL,NULL,NULL
1142,771,manter,1,0,NULL,NULL,NULL
3063,763,político,NULL,0,NULL,NULL,NULL
7229,759,igual,NULL,0,NULL,0,NULL
3363,758,futuros,NULL,0,NULL,NULL,NULL
3752,758,passo,NULL,-1,NULL,NULL,NULL
1440,757,poder,1,0,NULL,NULL,NULL
517,754,atividade,1,NULL,NULL,NULL,NULL
7025,751,prejuízo,-1,NULL,NULL,NULL,NULL
1081,745,feito,NULL,1,NULL,NULL,NULL
1024,744,financeira,NULL,0,NULL,NULL,NULL
797,740,avanço,1,NULL,NULL,NULL,NULL
1372,733,energia,1,NULL,NULL,1,NULL
2275,725,públicos,NULL,0,NULL,NULL,NULL
1741,722,executivo,NULL,0,NULL,NULL,NULL
339,716,principal,1,0,NULL,NULL,NULL
463,711,estar,NULL,1,NULL,NULL,NULL
219,706,nota,NULL,0,NULL,NULL,NULL
1914,698,brasileiros,NULL,0,NULL,NULL,NULL
461,696,educação,NULL,NULL,NULL,1,NULL
913,694,trabalhar,NULL,1,NULL,NULL,NULL
56,694,capacidade,1,NULL,NULL,NULL,NULL
421,688,sociais,NULL,0,NULL,NULL,NULL
2292,685,esperado,1,1,NULL,NULL,NULL
536,684,trabalhadores,NULL,1,NULL,NULL,NULL
1807,682,especialistas,NULL,0,NULL,NULL,NULL
1119,682,médio,NULL,0,-1,0,NULL
2800,667,aprovação,1,NULL,NULL,NULL,NULL
1916,667,pedido,-1,1,NULL,NULL,NULL
1268,658,objetivo,NULL,NULL,NULL,1,NULL
944,648,confira,1,NULL,NULL,NULL,NULL
3659,643,tributária,NULL,1,NULL,NULL,NULL
1865,643,último,NULL,0,1,NULL,NULL
2503,641,superior,1,1,NULL,1,NULL
3016,635,negativo,NULL,-1,-1,-1,NULL
3530,632,comercial,NULL,0,NULL,NULL,NULL
4879,630,azul,NULL,0,NULL,NULL,NULL
132,628,especial,1,1,1,1,NULL
565,627,dar,NULL,-1,NULL,NULL,NULL
677,626,boa,1,1,NULL,NULL,NULL
1509,613,bastante,1,NULL,NULL,NULL,NULL
869,612,isolamento,-1,NULL,NULL,-1,NULL
4528,609,financeiras,NULL,0,NULL,NULL,NULL
429,606,próximo,NULL,0,NULL,NULL,NULL
2139,604,curto,NULL,0,1,0,NULL
3760,601,contrato,1,NULL,NULL,NULL,NULL
862,595,quer,1,NULL,NULL,NULL,NULL
4081,594,americana,NULL,0,NULL,NULL,NULL
4048,594,ficar,NULL,1,NULL,NULL,NULL
886,592,espera,1,NULL,NULL,NULL,NULL
2025,590,impostos,NULL,-1,NULL,NULL,NULL
2322,586,avalia,1,NULL,NULL,NULL,NULL
1530,581,atenção,1,NULL,NULL,NULL,1
986,578,passada,NULL,-1,NULL,NULL,NULL
3484,573,benefício,1,NULL,NULL,NULL,NULL
2434,572,positiva,1,1,NULL,NULL,NULL
1064,571,controle,-1,NULL,NULL,NULL,NULL
1447,569,vista,NULL,1,NULL,NULL,NULL
3831,566,deputados,NULL,0,NULL,NULL,NULL
1426,561,reduzir,-1,-1,NULL,NULL,NULL
657,551,financeiros,NULL,0,NULL,NULL,NULL
5878,547,recuo,-1,NULL,NULL,NULL,NULL
1625,546,desemprego,NULL,NULL,NULL,-1,NULL
1343,545,claro,1,1,1,NULL,NULL
340,545,problema,-1,NULL,-1,-1,-1
1309,542,responsável,NULL,1,NULL,1,NULL
3776,539,pior,-1,-1,NULL,-1,NULL
1937,535,internacional,NULL,0,NULL,NULL,NULL
2013,527,chegar,NULL,-1,NULL,NULL,NULL
2473,525,dado,NULL,0,NULL,0,NULL
3147,523,próprio,NULL,0,NULL,NULL,NULL
2853,522,ideia,1,NULL,NULL,NULL,NULL
1631,516,força,1,NULL,NULL,NULL,NULL
2627,513,impactos,NULL,-1,NULL,NULL,NULL
348,510,diferentes,NULL,0,NULL,NULL,NULL
2406,510,estimativa,NULL,1,NULL,NULL,NULL
3889,508,demais,NULL,NULL,1,NULL,NULL
2054,506,receber,1,1,NULL,NULL,NULL
2193,506,comprar,NULL,0,NULL,NULL,NULL
1493,505,alto,NULL,0,NULL,0,NULL
822,505,próxima,NULL,0,NULL,NULL,NULL
1216,503,níveis,NULL,0,NULL,NULL,NULL
1407,498,ver,NULL,1,NULL,NULL,NULL
2116,493,pagar,NULL,-1,NULL,NULL,NULL
4338,493,direito,1,0,NULL,1,NULL
3842,488,estatal,NULL,0,NULL,NULL,NULL
1020,484,gratuita,NULL,0,NULL,NULL,NULL
641,483,maneira,NULL,1,NULL,NULL,NULL
3584,479,planos,NULL,0,NULL,NULL,NULL
644,477,necessidade,-1,NULL,NULL,NULL,NULL
4810,475,públicas,NULL,0,NULL,NULL,NULL
611,471,preciso,1,1,NULL,NULL,NULL
253,467,pedidos,-1,NULL,NULL,NULL,NULL
1890,465,evitar,NULL,1,NULL,-1,NULL
1827,462,emprego,1,NULL,NULL,NULL,NULL
196,461,garantir,1,0,NULL,NULL,NULL
2924,458,corte,-1,NULL,NULL,NULL,NULL
1776,458,primeiros,NULL,0,NULL,NULL,NULL
1940,457,preocupação,1,NULL,NULL,NULL,-1
2207,456,americanas,NULL,0,NULL,NULL,NULL
3700,456,sócio,NULL,-1,NULL,NULL,NULL
3379,455,relevante,NULL,1,1,1,NULL
3430,455,justiça,NULL,NULL,NULL,1,NULL
2548,453,pressão,-1,NULL,NULL,NULL,NULL
119,453,problemas,-1,NULL,NULL,NULL,NULL
812,453,mundial,NULL,0,NULL,NULL,NULL
2294,451,básica,NULL,0,NULL,NULL,NULL
3070,451,inglês,NULL,0,NULL,NULL,NULL
1690,449,bom,1,1,1,1,NULL
23,444,seguro,1,1,1,1,NULL
2929,441,tema,-1,NULL,NULL,NULL,NULL
2135,439,baixo,-1,0,NULL,NULL,NULL
3880,438,políticas,NULL,0,NULL,NULL,NULL
742,437,difícil,-1,-1,-1,-1,NULL
3512,437,indicadores,NULL,0,NULL,NULL,NULL
2411,436,mínimo,NULL,0,NULL,NULL,NULL
1545,436,melhora,1,NULL,NULL,NULL,NULL
2074,433,emergentes,NULL,0,NULL,NULL,NULL
2538,429,continuar,NULL,1,NULL,NULL,NULL
2442,424,considerando,1,NULL,NULL,NULL,NULL
1510,424,gerar,1,-1,NULL,NULL,NULL
432,422,entender,NULL,1,NULL,NULL,NULL
664,418,consumidores,NULL,-1,NULL,NULL,NULL
1834,417,saída,NULL,1,NULL,NULL,NULL
1413,417,ajudar,1,0,NULL,NULL,NULL
2209,415,internacionais,NULL,0,NULL,NULL,NULL
648,415,profissionais,NULL,0,NULL,NULL,NULL
1951,414,efeito,1,NULL,NULL,NULL,NULL
510,413,tornar,NULL,0,NULL,NULL,NULL
1269,410,criar,1,-1,NULL,NULL,NULL
1665,408,interno,NULL,0,NULL,NULL,NULL
1161,405,baixos,-1,0,NULL,NULL,NULL
3458,404,defesa,1,-1,NULL,NULL,NULL
1070,400,oportunidade,NULL,1,NULL,NULL,NULL
1783,399,abertura,-1,NULL,NULL,NULL,NULL
3435,399,supremo,1,1,NULL,1,NULL
2525,398,sentido,NULL,-1,NULL,NULL,NULL
9100,397,ajustado,NULL,-1,NULL,NULL,NULL
1666,393,bruto,-1,-1,NULL,-1,NULL
676,393,manutenção,1,NULL,NULL,NULL,NULL
1387,391,ganho,1,NULL,NULL,NULL,NULL
3235,390,americanos,NULL,0,NULL,NULL,NULL
2731,386,inicial,NULL,0,NULL,NULL,NULL
902,386,acredita,1,NULL,NULL,NULL,NULL
1183,386,fixa,1,0,NULL,NULL,NULL
5200,383,simples,1,0,1,0,NULL
1455,379,ativo,1,1,NULL,1,NULL
1574,378,direto,NULL,0,1,1,NULL
970,378,econômicos,NULL,0,NULL,NULL,NULL
1559,378,pago,NULL,0,NULL,NULL,NULL
874,378,própria,NULL,0,NULL,NULL,NULL
696,377,recente,NULL,0,1,NULL,NULL
4038,373,aprovou,1,NULL,NULL,NULL,NULL
2640,370,levar,NULL,-1,NULL,NULL,NULL
2263,368,seguir,NULL,0,NULL,NULL,NULL
4215,366,fechado,NULL,-1,NULL,-1,NULL
1683,365,físicas,NULL,0,NULL,NULL,NULL
1018,365,assista,1,NULL,NULL,NULL,NULL
68,365,falta,-1,-1,-1,NULL,NULL
6074,364,saber,1,0,NULL,NULL,NULL
1215,362,necessário,NULL,0,NULL,1,NULL
2682,361,imóveis,NULL,0,NULL,NULL,NULL
2354,361,prática,NULL,1,NULL,NULL,NULL
3771,360,equivalente,NULL,0,NULL,NULL,NULL
618,359,especialista,NULL,0,NULL,NULL,NULL
2117,358,vender,NULL,0,NULL,NULL,NULL
3110,357,unido,NULL,1,NULL,NULL,NULL
1910,357,aprovado,1,1,NULL,1,NULL
3529,357,leve,1,0,1,0,NULL
2822,356,mortes,-1,NULL,NULL,NULL,NULL
2196,356,globais,NULL,0,NULL,NULL,NULL
640,356,ir,NULL,0,NULL,NULL,NULL
1746,355,realizar,1,1,NULL,NULL,NULL
2925,354,benefícios,1,NULL,NULL,NULL,NULL
988,351,local,NULL,0,NULL,NULL,NULL
5720,350,negativa,NULL,-1,NULL,NULL,NULL
782,349,últimas,NULL,0,NULL,NULL,NULL
66,348,voltar,NULL,-1,NULL,NULL,NULL
1853,347,abrir,1,-1,NULL,NULL,NULL
4014,344,atingiu,1,NULL,NULL,NULL,NULL
2066,339,subir,NULL,0,NULL,NULL,NULL
651,339,digitais,NULL,0,NULL,NULL,NULL
605,337,deixar,NULL,0,NULL,NULL,NULL
1542,337,operacional,NULL,0,NULL,NULL,NULL
584,337,experiência,NULL,NULL,NULL,1,NULL
4321,335,atuais,NULL,0,NULL,NULL,NULL
4340,335,beneficiários,NULL,0,NULL,NULL,NULL
308,333,entrar,NULL,-1,NULL,NULL,NULL
1147,332,nada,NULL,0,NULL,NULL,NULL
5118,331,fortes,NULL,1,NULL,NULL,NULL
1077,331,fundador,NULL,0,NULL,NULL,NULL
1571,331,reais,1,1,NULL,NULL,NULL
1051,330,garantia,1,NULL,NULL,NULL,NULL
559,328,diversas,NULL,0,NULL,NULL,NULL
3480,327,mediana,NULL,0,NULL,NULL,NULL
117,326,diversos,NULL,0,NULL,NULL,NULL
4876,324,aéreas,NULL,0,NULL,NULL,NULL
722,324,usar,NULL,1,NULL,-1,NULL
2608,323,terceiro,NULL,0,NULL,NULL,NULL
5996,322,saque,-1,NULL,NULL,NULL,NULL
665,321,passar,NULL,0,NULL,NULL,NULL
4406,320,bens,1,NULL,NULL,NULL,NULL
2914,320,partido,-1,-1,NULL,-1,NULL
4005,320,cair,NULL,1,NULL,-1,NULL
709,319,importância,1,NULL,NULL,NULL,NULL
5029,318,oficial,NULL,0,NULL,NULL,NULL
1507,315,confiança,1,NULL,NULL,1,1
1356,314,locais,NULL,0,NULL,NULL,NULL
1622,313,latina,NULL,0,NULL,NULL,NULL
7266,313,disputa,-1,NULL,NULL,NULL,NULL
2381,312,acreditamos,1,NULL,NULL,NULL,NULL
2976,311,perda,-1,NULL,NULL,NULL,NULL
3402,311,fiscais,NULL,0,NULL,NULL,NULL
2504,310,privado,-1,0,NULL,NULL,NULL
595,309,prêmio,1,1,NULL,NULL,NULL
3033,308,debate,-1,NULL,NULL,NULL,NULL
3152,307,livre,1,0,NULL,1,NULL
7085,304,suspensão,-1,NULL,NULL,NULL,NULL
1197,303,cortes,-1,NULL,NULL,NULL,NULL
104,303,realizada,1,1,NULL,NULL,NULL
1828,302,começar,NULL,0,NULL,NULL,NULL
863,301,dizer,NULL,0,NULL,NULL,NULL
5716,301,neutra,NULL,0,NULL,NULL,NULL
5600,299,indicador,NULL,1,NULL,NULL,NULL
2643,296,comerciais,NULL,0,NULL,NULL,NULL
3293,295,brasileiras,NULL,0,NULL,NULL,NULL
6793,295,otimismo,NULL,NULL,NULL,1,NULL
3846,295,aprovada,1,1,NULL,NULL,NULL
479,295,importantes,1,1,NULL,NULL,NULL
2909,294,recebeu,1,NULL,NULL,NULL,NULL
5168,293,lucrar,1,1,NULL,NULL,NULL
924,293,feitas,NULL,1,NULL,NULL,NULL
2689,292,direitos,1,0,NULL,NULL,NULL
3051,291,chamado,NULL,0,NULL,0,NULL
7186,291,operar,NULL,1,NULL,NULL,NULL
1734,289,pequenas,-1,0,NULL,NULL,NULL
656,289,responsabilidade,-1,NULL,NULL,1,NULL
5569,288,anteriores,NULL,0,NULL,NULL,NULL
4829,288,roberto,NULL,-1,NULL,NULL,NULL
3953,287,histórico,NULL,0,NULL,NULL,NULL
5553,286,vivo,1,1,NULL,1,NULL
261,284,disponível,NULL,1,NULL,0,NULL
4077,284,pagos,NULL,1,NULL,NULL,NULL
562,281,diferente,NULL,0,NULL,0,NULL
5166,281,ganhar,1,0,NULL,1,NULL
1137,281,rentabilidade,1,NULL,NULL,NULL,NULL
5199,280,rápida,NULL,1,NULL,NULL,NULL
4655,280,visto,NULL,1,NULL,NULL,NULL
3888,278,sair,NULL,-1,NULL,NULL,NULL
2342,275,altas,NULL,0,NULL,NULL,NULL
3065,275,líderes,NULL,0,NULL,NULL,NULL
4152,275,conseguir,1,0,NULL,NULL,NULL
2318,275,trata,1,NULL,NULL,NULL,NULL
3800,275,acontecer,NULL,0,NULL,NULL,NULL
866,274,sim,1,NULL,NULL,NULL,NULL
4633,274,amplo,NULL,1,NULL,NULL,NULL
1034,274,oferecer,NULL,-1,NULL,NULL,NULL
2461,273,estável,NULL,1,NULL,1,NULL
3804,273,avaliaram,1,NULL,NULL,NULL,NULL
1338,273,completa,1,0,NULL,NULL,NULL
4099,272,considera,1,NULL,NULL,NULL,NULL
5183,271,líder,1,0,NULL,NULL,NULL
614,271,pessoal,NULL,0,NULL,NULL,NULL
4150,270,única,NULL,0,NULL,NULL,NULL
2432,270,adicional,NULL,0,NULL,0,NULL
2385,269,avaliam,1,NULL,NULL,NULL,NULL
3062,269,exclusivo,NULL,1,NULL,NULL,NULL
492,269,industrial,NULL,0,NULL,NULL,NULL
175,268,conjunto,NULL,-1,NULL,NULL,NULL
4800,268,combate,-1,NULL,NULL,NULL,NULL
5449,268,conter,-1,0,NULL,NULL,NULL
2579,267,destacar,NULL,-1,NULL,NULL,NULL
2668,266,crescer,NULL,0,NULL,NULL,NULL
3043,265,deputado,NULL,0,NULL,NULL,NULL
2144,260,falar,NULL,0,NULL,NULL,NULL
984,259,executivos,NULL,1,NULL,NULL,NULL
4637,259,verde,-1,0,NULL,NULL,NULL
1437,258,fala,-1,NULL,NULL,NULL,NULL
1045,258,realização,NULL,NULL,NULL,NULL,1
307,258,tentar,NULL,1,NULL,NULL,NULL
1714,257,único,NULL,0,NULL,NULL,NULL
2510,257,fundamental,NULL,0,1,NULL,NULL
3938,257,operacionais,NULL,0,NULL,NULL,NULL
2723,256,colocar,NULL,0,NULL,NULL,NULL
836,256,passa,NULL,-1,NULL,NULL,NULL
11554,256,legal,1,1,1,1,NULL
144,255,respeito,1,NULL,NULL,1,NULL
230,255,apresentar,NULL,-1,NULL,NULL,NULL
9122,253,credores,NULL,1,NULL,NULL,NULL
4409,253,física,NULL,0,NULL,NULL,NULL
4823,253,considerado,1,1,NULL,NULL,NULL
3386,253,incerteza,-1,NULL,NULL,-1,NULL
140,252,atender,NULL,0,NULL,NULL,NULL
422,250,econômicas,NULL,0,NULL,NULL,NULL
1661,250,estímulo,1,NULL,NULL,NULL,NULL
1079,249,disponíveis,NULL,1,NULL,NULL,NULL
3600,249,ocorrer,NULL,0,NULL,NULL,NULL
6249,248,civil,NULL,0,NULL,NULL,NULL
5334,248,compromisso,1,NULL,NULL,NULL,NULL
4743,248,invista,1,NULL,NULL,NULL,NULL
4569,248,tomar,NULL,0,NULL,NULL,NULL
3335,247,positivos,NULL,1,NULL,NULL,NULL
5157,247,enfrentar,NULL,0,NULL,1,NULL
3874,247,parlamentares,NULL,-1,NULL,NULL,NULL
671,246,mudar,NULL,-1,NULL,NULL,NULL
5087,246,recuou,-1,NULL,NULL,NULL,NULL
3060,245,receba,1,NULL,NULL,NULL,NULL
2635,245,possíveis,NULL,0,NULL,NULL,NULL
2073,245,estabilidade,NULL,NULL,NULL,1,NULL
4101,245,aproveitar,NULL,0,NULL,NULL,NULL
1422,244,melhorar,1,0,NULL,NULL,NULL
4729,243,investido,1,NULL,NULL,NULL,NULL
2860,243,ordem,1,NULL,NULL,NULL,NULL
6917,243,santos,1,1,NULL,NULL,NULL
4420,241,realizado,1,1,NULL,1,NULL
896,241,causada,NULL,1,NULL,NULL,NULL
2261,241,histórica,NULL,0,NULL,NULL,NULL
129,240,rápido,NULL,1,1,1,NULL
4267,239,dificuldade,-1,NULL,NULL,NULL,NULL
1041,239,contrário,NULL,-1,NULL,NULL,NULL
1073,239,lidar,NULL,0,NULL,NULL,NULL
13856,238,durar,NULL,0,NULL,NULL,NULL
3359,237,pequeno,-1,0,NULL,NULL,NULL
5256,236,aérea,NULL,0,NULL,NULL,NULL
4712,235,ampliar,NULL,0,NULL,NULL,NULL
3747,235,buscar,NULL,1,NULL,NULL,NULL
1138,235,mínima,NULL,0,NULL,NULL,NULL
5493,234,ambiental,NULL,0,NULL,NULL,NULL
1397,233,altos,NULL,0,NULL,NULL,NULL
5386,233,suficiente,1,0,NULL,NULL,NULL
3780,232,guerra,-1,NULL,NULL,-1,NULL
5663,232,vagas,1,-1,NULL,NULL,NULL
3377,231,próximas,NULL,0,NULL,NULL,NULL
1520,231,recentes,NULL,0,NULL,NULL,NULL
5223,231,identificar,NULL,0,1,NULL,NULL
1364,230,encontrar,NULL,-1,NULL,NULL,NULL
6385,230,carga,-1,NULL,NULL,NULL,NULL
3607,229,elevado,NULL,0,NULL,NULL,1
3336,229,mostrar,NULL,-1,NULL,NULL,NULL
704,229,permitir,NULL,0,NULL,NULL,NULL
2669,228,fechar,NULL,-1,NULL,NULL,NULL
6551,228,feitos,NULL,1,NULL,NULL,NULL
2491,226,esforços,-1,NULL,NULL,NULL,NULL
4920,226,quarto,NULL,0,NULL,NULL,NULL
2622,225,recuperar,NULL,-1,NULL,NULL,NULL
953,225,trazer,NULL,0,NULL,NULL,NULL
1538,225,aberto,1,0,NULL,1,NULL
516,225,certo,1,1,1,1,NULL
2850,224,assessor,NULL,-1,NULL,NULL,NULL
61,224,previsto,NULL,1,NULL,NULL,NULL
1017,223,promissora,NULL,1,NULL,NULL,NULL
2395,223,retomar,NULL,0,NULL,NULL,NULL
1709,223,reduziu,-1,NULL,NULL,NULL,NULL
9937,223,tensões,-1,NULL,NULL,NULL,NULL
1048,223,imóvel,NULL,1,NULL,-1,NULL
2283,222,rendimento,1,NULL,NULL,NULL,NULL
2436,221,eventual,1,-1,NULL,NULL,NULL
1340,221,seguros,1,1,NULL,NULL,NULL
4619,220,perder,-1,-1,-1,-1,NULL
2678,219,pediu,-1,NULL,NULL,NULL,NULL
1153,219,participantes,NULL,0,NULL,NULL,NULL
3753,218,registrados,NULL,1,NULL,NULL,NULL
2313,218,bons,1,1,NULL,NULL,NULL
1311,218,eficiência,1,NULL,NULL,1,NULL
4910,218,tensão,-1,NULL,NULL,-1,NULL
4016,217,gradual,NULL,0,NULL,NULL,NULL
4752,214,quedas,NULL,0,NULL,NULL,NULL
2113,213,natural,1,0,NULL,1,NULL
4044,212,esperada,1,1,NULL,NULL,NULL
840,212,esperar,1,1,NULL,NULL,NULL
5613,212,capitais,NULL,-1,NULL,NULL,NULL
2290,212,dada,NULL,0,NULL,NULL,NULL
2295,212,lembrar,NULL,0,NULL,NULL,NULL
6643,211,material,NULL,0,NULL,NULL,NULL
825,211,atingir,1,0,NULL,NULL,NULL
5799,211,peso,-1,NULL,NULL,NULL,NULL
2578,210,privada,-1,0,NULL,NULL,NULL
2382,209,boas,1,1,NULL,NULL,NULL
2980,209,políticos,NULL,0,NULL,NULL,NULL
1463,209,paga,NULL,1,NULL,NULL,NULL
4272,207,elevação,NULL,NULL,NULL,NULL,1
14390,207,revelado,NULL,1,NULL,NULL,NULL
4227,206,tamanho,NULL,1,NULL,NULL,NULL
3472,206,favorável,NULL,1,NULL,1,NULL
2369,206,máximo,NULL,1,1,NULL,NULL
3276,204,europeia,NULL,0,NULL,NULL,NULL
3733,203,top,NULL,NULL,1,NULL,NULL
3806,203,reduzido,-1,-1,NULL,-1,NULL
3078,202,avaliar,1,1,NULL,NULL,NULL
3219,202,comum,-1,0,1,NULL,NULL
8218,202,complexo,NULL,-1,NULL,NULL,NULL
5352,201,fabricante,NULL,0,NULL,NULL,NULL
5116,201,avançou,1,NULL,NULL,NULL,NULL
3929,201,bruta,-1,-1,NULL,NULL,NULL
728,201,práticas,NULL,1,NULL,NULL,NULL
10707,200,estatais,NULL,0,NULL,NULL,NULL
3755,200,extra,NULL,1,NULL,NULL,NULL
3587,200,demissão,-1,NULL,NULL,NULL,NULL
1009,199,verdade,1,NULL,NULL,1,NULL
3916,199,acelerar,NULL,0,NULL,NULL,NULL
916,199,produtividade,NULL,NULL,NULL,1,NULL
3987,199,alternativas,NULL,0,NULL,NULL,NULL
16831,199,contribuinte,NULL,0,NULL,NULL,NULL
6378,198,desafio,1,NULL,NULL,NULL,NULL
3345,196,centrais,NULL,0,NULL,NULL,NULL
9266,196,recorrente,NULL,0,NULL,NULL,NULL
4370,196,trabalhador,NULL,1,NULL,1,NULL
8069,195,pequenos,NULL,0,NULL,NULL,NULL
1345,194,profissional,NULL,0,NULL,1,NULL
10643,194,graça,1,NULL,NULL,NULL,NULL
5666,194,obter,1,0,NULL,NULL,NULL
2409,194,elevada,NULL,0,NULL,NULL,NULL
3550,193,republicanos,NULL,0,NULL,NULL,NULL
1177,193,ganhou,1,NULL,NULL,NULL,NULL
571,192,inovação,NULL,NULL,NULL,1,NULL
3375,191,básico,NULL,0,NULL,-1,NULL
2099,191,baixas,-1,0,NULL,NULL,NULL
3558,190,apresentado,NULL,-1,NULL,NULL,NULL
2746,190,críticas,NULL,0,NULL,NULL,NULL
5348,190,estrangeiros,NULL,0,NULL,NULL,NULL
2071,190,normal,NULL,0,-1,1,NULL
1121,189,coletiva,NULL,0,NULL,NULL,NULL
892,189,longe,NULL,-1,NULL,NULL,NULL
3059,189,olhar,NULL,0,NULL,NULL,NULL
5110,189,dúvida,-1,NULL,NULL,NULL,NULL
1199,188,mantém,1,NULL,NULL,NULL,NULL
5365,188,passageiros,NULL,0,NULL,NULL,NULL
6576,187,controlada,-1,1,NULL,NULL,NULL
349,186,partes,1,NULL,NULL,NULL,NULL
2389,186,proteger,1,-1,NULL,NULL,NULL
342,186,referente,NULL,1,NULL,NULL,NULL
2755,186,participar,NULL,-1,NULL,NULL,NULL
2337,185,acreditam,1,NULL,NULL,NULL,NULL
2569,185,cautela,1,NULL,NULL,NULL,NULL
216,185,essenciais,1,NULL,NULL,NULL,NULL
3144,184,criado,1,NULL,NULL,NULL,NULL
1186,184,classe,NULL,NULL,1,NULL,NULL
3329,183,pares,NULL,0,NULL,NULL,NULL
2471,182,endividamento,NULL,NULL,NULL,-1,NULL
2883,182,realmente,1,NULL,NULL,NULL,NULL
3703,181,rapidamente,1,NULL,NULL,NULL,NULL
5362,181,aéreo,NULL,0,NULL,-1,NULL
849,181,gasto,NULL,-1,NULL,-1,NULL
6045,180,sabe,NULL,1,NULL,NULL,NULL
2485,180,terceira,NULL,0,NULL,NULL,NULL
4002,179,independente,1,0,NULL,0,NULL
6870,179,máxima,NULL,1,NULL,NULL,NULL
3960,178,negativos,NULL,-1,NULL,NULL,NULL
7057,177,ampla,NULL,1,NULL,NULL,NULL
2362,177,haver,NULL,1,NULL,NULL,NULL
2191,177,otimista,NULL,-1,NULL,1,1
6052,176,provável,NULL,0,NULL,NULL,NULL
5104,175,significativa,NULL,1,NULL,NULL,NULL
6414,175,discutir,NULL,-1,NULL,NULL,NULL
2237,173,ler,NULL,0,NULL,NULL,NULL
2276,173,privados,-1,0,NULL,NULL,NULL
786,173,relacionados,NULL,-1,NULL,NULL,NULL
2904,172,presente,NULL,0,NULL,1,NULL
2779,171,pobres,NULL,-1,NULL,NULL,NULL
1203,171,necessária,NULL,0,NULL,NULL,NULL
2465,170,relacionadas,NULL,-1,NULL,NULL,NULL
589,170,relevantes,NULL,1,NULL,NULL,NULL
1412,170,usado,NULL,-1,NULL,NULL,NULL
3521,170,avaliou,1,NULL,NULL,NULL,NULL
1334,170,dando,1,NULL,NULL,NULL,NULL
858,169,diminuir,1,-1,NULL,1,NULL
4162,169,bancário,NULL,1,NULL,NULL,NULL
3075,169,conhecido,NULL,1,NULL,NULL,NULL
4774,169,elevar,NULL,0,NULL,NULL,NULL
1693,169,subsidiária,NULL,-1,NULL,NULL,NULL
1760,168,abertas,1,0,NULL,NULL,NULL
4618,168,fácil,1,1,1,0,NULL
2804,168,humanos,NULL,1,NULL,NULL,NULL
1654,167,crescente,NULL,1,NULL,NULL,NULL
4987,167,meios,NULL,0,NULL,NULL,NULL
6512,167,pensar,NULL,1,NULL,NULL,NULL
4230,167,favor,1,1,NULL,NULL,NULL
3878,167,gera,1,NULL,NULL,NULL,NULL
4577,167,vigor,1,NULL,NULL,1,NULL
3761,166,ganha,1,NULL,NULL,NULL,NULL
10098,166,suporte,1,NULL,NULL,NULL,NULL
1755,166,conversa,NULL,0,NULL,NULL,NULL
3164,165,conclusão,1,NULL,NULL,NULL,NULL
3974,165,esperamos,1,NULL,NULL,NULL,NULL
3476,165,querem,1,NULL,NULL,NULL,NULL
7997,164,beneficiar,1,0,NULL,NULL,NULL
3330,164,diretora,NULL,1,NULL,NULL,NULL
4105,163,concorrentes,NULL,-1,NULL,NULL,NULL
6069,163,doméstico,NULL,0,NULL,NULL,NULL
6896,163,entregar,NULL,-1,NULL,NULL,NULL
827,163,nascidos,NULL,0,NULL,NULL,NULL
7289,163,empregados,1,0,NULL,NULL,NULL
5428,163,esperam,1,NULL,NULL,NULL,NULL
136,163,realizadas,1,1,NULL,NULL,NULL
1257,163,responsáveis,NULL,1,NULL,NULL,NULL
4144,163,tomadas,NULL,0,NULL,NULL,NULL
5225,162,chamada,NULL,0,NULL,NULL,NULL
3890,162,negociar,NULL,1,NULL,NULL,NULL
2888,161,tomada,NULL,0,NULL,NULL,NULL
6686,161,criou,1,NULL,NULL,NULL,NULL
2835,161,rico,1,1,1,1,NULL
4746,160,mantendo,1,NULL,NULL,NULL,NULL
2956,160,tratar,1,0,NULL,NULL,NULL
631,159,abre,1,NULL,NULL,NULL,NULL
2783,159,liberdade,1,NULL,NULL,1,NULL
6790,159,acompanhar,NULL,0,NULL,NULL,NULL
1439,159,alternativa,NULL,0,NULL,NULL,NULL
2175,158,contar,NULL,-1,NULL,NULL,NULL
142,158,reforçou,1,NULL,NULL,NULL,NULL
3602,157,externo,NULL,0,NULL,NULL,NULL
5143,157,financiar,NULL,0,NULL,NULL,NULL
3968,156,afetados,NULL,-1,NULL,NULL,NULL
6021,156,democrata,NULL,0,NULL,0,NULL
2986,156,integrantes,NULL,0,NULL,NULL,NULL
4929,156,ordinárias,NULL,-1,NULL,NULL,NULL
919,156,cultura,1,NULL,NULL,NULL,NULL
2048,156,temas,-1,NULL,NULL,NULL,NULL
3361,155,eventuais,1,NULL,NULL,NULL,NULL
4700,155,preferência,1,NULL,NULL,NULL,NULL
262,155,breve,NULL,1,NULL,NULL,NULL
4358,155,funcionar,NULL,1,NULL,NULL,NULL
6603,155,índia,NULL,-1,NULL,NULL,NULL
2572,155,passos,NULL,-1,NULL,NULL,NULL
7678,154,tirar,NULL,0,NULL,NULL,NULL
3449,154,definido,1,0,NULL,NULL,NULL
3498,153,provocada,1,NULL,NULL,NULL,NULL
7906,153,substituir,NULL,0,NULL,NULL,NULL
4688,153,correção,NULL,NULL,NULL,1,NULL
2612,152,seguinte,NULL,0,NULL,NULL,NULL
1539,152,enorme,1,0,NULL,NULL,NULL
3957,152,inferior,-1,-1,NULL,NULL,-1
7610,152,isenção,1,NULL,NULL,NULL,NULL
3459,152,sofreu,-1,NULL,NULL,NULL,NULL
7078,152,municipais,NULL,1,NULL,NULL,NULL
5460,152,nacionais,NULL,0,NULL,NULL,NULL
1990,151,enviado,NULL,0,NULL,NULL,NULL
3074,151,aliados,1,0,NULL,NULL,NULL
1581,151,consegue,1,NULL,NULL,NULL,NULL
5987,151,considerados,1,1,NULL,NULL,NULL
2371,151,reforça,1,NULL,NULL,NULL,NULL
1938,150,potenciais,NULL,1,NULL,NULL,NULL
550,150,aprender,NULL,NULL,1,NULL,NULL
3992,150,declarar,NULL,0,NULL,NULL,NULL
4909,149,apresentada,NULL,-1,NULL,NULL,NULL
1207,149,defendeu,1,NULL,NULL,NULL,NULL
3663,148,aprovar,1,1,NULL,NULL,NULL
1140,148,cumprir,1,0,NULL,NULL,NULL
6476,148,esforço,-1,NULL,NULL,NULL,NULL
6258,148,fraco,-1,-1,-1,-1,-1
1695,148,assumir,NULL,0,NULL,NULL,NULL
9543,148,vencedores,NULL,1,NULL,NULL,NULL
185,147,representantes,NULL,0,NULL,NULL,NULL
5102,147,adotadas,NULL,-1,NULL,NULL,NULL
4698,147,aposta,NULL,1,NULL,NULL,NULL
2033,147,bruno,NULL,-1,NULL,-1,NULL
6881,146,gerente,NULL,0,NULL,NULL,NULL
1492,146,parecer,NULL,0,NULL,NULL,NULL
3101,145,alerta,NULL,1,NULL,NULL,NULL
2041,145,dinâmica,NULL,1,NULL,NULL,NULL
4412,145,filho,NULL,0,NULL,NULL,NULL
1289,145,avançar,1,0,NULL,NULL,NULL
2412,145,adicionais,NULL,0,NULL,NULL,NULL
7262,145,publicada,NULL,0,NULL,NULL,NULL
5715,145,ressaltar,NULL,0,NULL,NULL,NULL
5213,144,definir,NULL,1,NULL,NULL,NULL
5264,144,democratas,NULL,0,NULL,NULL,NULL
3462,144,aversão,-1,NULL,NULL,NULL,-1
1176,144,perdeu,-1,NULL,NULL,NULL,NULL
7275,143,forças,-1,NULL,NULL,NULL,NULL
2991,143,gerou,1,NULL,NULL,NULL,NULL
6996,143,mostrando,1,NULL,NULL,NULL,NULL
1383,142,definição,1,NULL,NULL,NULL,NULL
5709,142,pequena,-1,0,NULL,NULL,NULL
1071,142,queremos,1,NULL,NULL,NULL,NULL
8841,142,tributário,NULL,1,NULL,NULL,NULL
3956,142,europeias,NULL,0,NULL,NULL,NULL
6401,141,enviada,NULL,0,NULL,NULL,NULL
2260,141,mantida,1,0,NULL,NULL,NULL
3891,140,ambientais,NULL,0,NULL,NULL,NULL
2915,139,anunciar,NULL,0,NULL,NULL,NULL
4685,139,registrar,NULL,1,NULL,NULL,NULL
331,138,referentes,NULL,1,NULL,NULL,NULL
8220,138,advogado,1,NULL,NULL,NULL,NULL
3360,138,cortar,-1,-1,NULL,NULL,NULL
541,138,livro,1,NULL,NULL,NULL,NULL
3313,138,ruim,-1,-1,-1,-1,NULL
1373,138,basta,NULL,0,NULL,NULL,NULL
8370,138,branca,NULL,0,NULL,NULL,NULL
4439,138,informar,NULL,-1,NULL,NULL,NULL
5156,137,decidir,NULL,0,NULL,NULL,NULL
1963,137,incluir,NULL,0,NULL,NULL,NULL
9408,137,mesmas,NULL,0,NULL,NULL,NULL
670,137,permanente,NULL,0,NULL,0,NULL
7672,137,democracia,NULL,NULL,NULL,1,NULL
5728,137,positivas,1,1,NULL,NULL,NULL
2815,137,receberam,1,NULL,NULL,NULL,NULL
2880,136,clara,1,1,NULL,NULL,NULL
4935,136,consequência,1,NULL,NULL,NULL,NULL
2936,136,pacto,1,NULL,NULL,NULL,NULL
5028,136,publicado,NULL,0,NULL,NULL,NULL
2791,136,massa,NULL,NULL,1,NULL,NULL
8653,135,postos,NULL,0,NULL,NULL,NULL
3963,135,curva,NULL,-1,NULL,NULL,NULL
5466,135,europeu,NULL,0,NULL,NULL,NULL
4806,135,necessários,NULL,0,NULL,NULL,NULL
108,135,consideradas,1,1,NULL,NULL,NULL
1219,134,atrair,1,1,1,1,NULL
9915,134,valiosa,NULL,1,NULL,NULL,NULL
2771,134,desenvolvidos,NULL,1,NULL,NULL,NULL
1703,134,executiva,NULL,1,NULL,NULL,NULL
1548,133,antiga,NULL,0,NULL,NULL,NULL
1733,133,médias,NULL,0,NULL,NULL,NULL
6455,133,combater,-1,-1,NULL,NULL,NULL
6562,133,completo,1,0,NULL,NULL,NULL
5379,133,estima,1,NULL,NULL,NULL,1
2780,133,ricos,1,1,NULL,NULL,NULL
4944,133,vantagem,1,NULL,NULL,1,NULL
2345,133,primeiras,NULL,0,NULL,NULL,NULL
888,132,desenvolver,NULL,-1,NULL,NULL,NULL
3762,132,avança,1,NULL,NULL,NULL,NULL
2767,132,criada,1,NULL,NULL,NULL,NULL
514,132,habilidade,1,NULL,NULL,1,NULL
1928,132,produzir,1,0,NULL,NULL,NULL
3411,132,realizados,1,1,NULL,NULL,NULL
3534,132,recua,-1,NULL,NULL,NULL,NULL
8369,132,vitória,1,NULL,NULL,1,NULL
2873,131,eficiente,1,1,NULL,1,NULL
3473,131,estimular,1,1,NULL,NULL,NULL
4659,131,resgate,1,NULL,NULL,NULL,NULL
5484,131,produtores,NULL,0,NULL,NULL,NULL
5128,131,impulsionar,NULL,0,NULL,NULL,NULL
4138,130,amarela,NULL,-1,NULL,NULL,NULL
3589,130,construir,NULL,0,NULL,NULL,NULL
5615,130,externa,NULL,0,NULL,NULL,NULL
1961,130,grave,-1,-1,NULL,NULL,NULL
773,130,inteligência,1,NULL,1,1,NULL
6161,130,segredo,1,NULL,NULL,NULL,NULL
7895,129,considerada,1,1,NULL,NULL,NULL
4554,129,defende,1,NULL,NULL,NULL,NULL
5294,129,mal,-1,NULL,-1,NULL,-1
8054,129,pedir,-1,1,NULL,NULL,NULL
1004,129,conversas,NULL,0,NULL,NULL,NULL
3765,128,combustíveis,NULL,0,NULL,NULL,NULL
7937,128,combustível,NULL,0,NULL,NULL,NULL
2730,128,surto,NULL,0,NULL,NULL,NULL
7776,127,eficácia,1,NULL,NULL,1,NULL
6479,127,adotar,NULL,0,NULL,NULL,NULL
10559,127,expressiva,NULL,1,NULL,NULL,NULL
486,126,acontecendo,1,NULL,NULL,NULL,NULL
2299,126,acabar,NULL,0,NULL,NULL,NULL
7905,125,surpresa,-1,-1,NULL,NULL,NULL
6148,125,técnica,NULL,0,NULL,NULL,NULL
5113,125,vir,NULL,1,NULL,NULL,NULL
1152,125,depender,NULL,1,NULL,NULL,NULL
1773,124,fechadas,NULL,-1,NULL,NULL,NULL
2393,124,superar,1,0,NULL,1,NULL
6572,124,primária,NULL,0,NULL,NULL,NULL
5180,123,atuar,NULL,0,1,NULL,NULL
6566,123,parceiros,NULL,0,NULL,NULL,NULL
9820,123,advogados,1,NULL,NULL,NULL,NULL
6545,123,reduzindo,-1,NULL,NULL,NULL,NULL
789,122,certa,1,1,NULL,NULL,NULL
716,122,medo,-1,NULL,NULL,-1,-1
6466,122,vendidos,NULL,-1,NULL,NULL,NULL
2749,122,transparência,NULL,NULL,NULL,1,NULL
7422,122,informado,NULL,1,NULL,NULL,NULL
1973,122,iniciais,NULL,0,NULL,NULL,NULL
2704,121,asiático,NULL,1,NULL,NULL,NULL
9456,121,necessárias,NULL,0,NULL,NULL,NULL
4298,121,parcial,NULL,0,NULL,NULL,NULL
2768,121,apoiar,1,1,NULL,0,NULL
7658,121,choque,-1,NULL,NULL,NULL,NULL
8614,121,conseguiram,1,NULL,NULL,NULL,NULL
2146,121,dedicado,1,1,NULL,1,1
1569,121,formas,1,NULL,NULL,NULL,NULL
2367,121,mantido,1,0,NULL,NULL,NULL
672,120,entendimento,1,NULL,NULL,NULL,NULL
1044,120,essencial,1,NULL,NULL,NULL,NULL
7616,120,escolher,NULL,-1,NULL,NULL,NULL
4776,120,temporária,NULL,-1,NULL,NULL,NULL
7234,119,privadas,-1,0,NULL,NULL,NULL
1398,119,compensar,NULL,-1,NULL,NULL,NULL
848,119,direta,NULL,-1,NULL,NULL,NULL
1369,118,analisar,NULL,1,NULL,NULL,NULL
1794,118,individuais,NULL,0,NULL,NULL,NULL
10881,118,próprios,NULL,0,NULL,NULL,NULL
4733,118,tradicionais,NULL,0,NULL,NULL,NULL
1523,118,erros,-1,NULL,NULL,NULL,NULL
4128,117,abriu,1,NULL,NULL,NULL,NULL
6025,117,jogo,1,NULL,NULL,NULL,NULL
7394,117,partidos,-1,-1,NULL,NULL,NULL
1395,117,reduzida,-1,-1,NULL,NULL,NULL
5420,117,veem,1,NULL,NULL,NULL,NULL
7128,117,fechados,NULL,-1,NULL,NULL,NULL
12194,117,levantar,NULL,1,NULL,NULL,NULL
2957,117,parlamentar,NULL,1,NULL,NULL,NULL
1060,117,equilíbrio,NULL,NULL,NULL,1,NULL
16219,117,prisão,NULL,NULL,NULL,-1,NULL
2649,116,lenta,-1,-1,NULL,NULL,NULL
846,116,piora,-1,NULL,NULL,NULL,NULL
10411,116,apresentados,NULL,-1,NULL,NULL,NULL
7329,116,chegada,NULL,1,NULL,NULL,NULL
955,116,desafiador,NULL,0,1,0,NULL
1795,116,empreendedor,NULL,1,NULL,1,NULL
4097,116,neutro,NULL,0,NULL,0,NULL
4023,115,gigante,NULL,0,NULL,0,NULL
4379,115,recebido,1,NULL,NULL,NULL,NULL
4945,114,atingindo,1,NULL,NULL,NULL,NULL
7321,114,usados,NULL,-1,NULL,NULL,NULL
3254,114,características,NULL,0,NULL,NULL,NULL
16172,114,contribuintes,NULL,0,NULL,NULL,NULL
3056,114,fortemente,NULL,1,NULL,NULL,NULL
7224,114,notas,NULL,0,NULL,NULL,NULL
2693,113,alívio,1,NULL,NULL,NULL,1
6773,113,extremamente,-1,NULL,NULL,NULL,NULL
6848,113,integração,NULL,NULL,NULL,NULL,-1
11671,112,calamidade,-1,NULL,NULL,NULL,NULL
2618,112,considerar,1,0,NULL,NULL,NULL
52,112,corresponde,1,NULL,NULL,NULL,NULL
5377,112,deterioração,-1,NULL,NULL,NULL,NULL
10249,112,fracos,-1,-1,NULL,NULL,NULL
2024,112,morte,-1,NULL,NULL,-1,NULL
6668,111,presidentes,NULL,0,NULL,NULL,NULL
8965,111,rodada,NULL,-1,NULL,NULL,NULL
1567,111,tradicional,NULL,0,NULL,NULL,NULL
9074,110,suína,NULL,-1,NULL,NULL,NULL
9757,110,giro,NULL,0,NULL,NULL,NULL
815,110,perde,-1,NULL,NULL,NULL,NULL
5997,110,recebem,1,NULL,NULL,NULL,NULL
459,110,sofrer,-1,0,NULL,-1,NULL
2065,109,ajudou,1,NULL,NULL,NULL,NULL
3876,109,apreensão,-1,NULL,NULL,NULL,NULL
4125,109,quero,1,NULL,NULL,NULL,NULL
7545,109,resolver,NULL,0,NULL,NULL,NULL
9861,109,retirada,NULL,0,NULL,NULL,NULL
9299,109,obra,NULL,NULL,1,NULL,NULL
2844,108,sócios,NULL,-1,NULL,NULL,NULL
3517,108,terreno,NULL,0,NULL,0,NULL
8861,108,votar,NULL,-1,NULL,0,NULL
1010,108,acredito,1,NULL,NULL,NULL,NULL
2826,108,diminuição,-1,NULL,NULL,NULL,NULL
11621,108,formado,1,0,NULL,NULL,NULL
14462,108,original,1,0,1,1,NULL
5815,108,afetado,NULL,-1,NULL,-1,NULL
3786,108,afetar,NULL,0,NULL,NULL,NULL
115,108,individual,NULL,0,NULL,NULL,NULL
5696,108,longa,NULL,0,NULL,NULL,NULL
10969,108,milionários,NULL,0,NULL,NULL,NULL
10089,107,doméstica,NULL,0,NULL,NULL,NULL
8324,107,mesmos,NULL,0,NULL,NULL,NULL
3900,107,otimistas,NULL,1,NULL,NULL,NULL
5605,107,promover,NULL,1,NULL,NULL,NULL
7991,107,transformar,NULL,0,NULL,NULL,NULL
6629,107,vendido,NULL,-1,NULL,-1,NULL
4348,107,determinado,1,1,NULL,1,NULL
10581,107,garante,1,NULL,NULL,NULL,NULL
3697,106,aberta,1,0,NULL,NULL,NULL
10478,106,abra,1,NULL,NULL,NULL,NULL
1977,106,capaz,1,1,NULL,1,NULL
7488,106,gráfico,NULL,0,NULL,NULL,NULL
11539,106,totais,NULL,0,NULL,NULL,NULL
7876,105,abono,1,NULL,NULL,NULL,NULL
4507,105,caro,1,-1,NULL,NULL,NULL
3990,105,constante,1,0,NULL,1,NULL
2278,105,influencia,1,NULL,NULL,NULL,NULL
4167,105,reforçar,1,1,NULL,NULL,NULL
7733,105,enviar,NULL,0,NULL,NULL,NULL
7484,104,barato,NULL,1,NULL,-1,NULL
7579,104,comparado,NULL,0,NULL,NULL,NULL
5685,104,controladora,NULL,-1,NULL,NULL,NULL
6227,104,consideração,1,NULL,NULL,NULL,NULL
6975,104,disposição,1,NULL,NULL,NULL,NULL
3885,104,resistência,1,NULL,NULL,NULL,NULL
3461,104,sentimento,1,NULL,NULL,NULL,NULL
1277,104,sustentáveis,1,NULL,NULL,NULL,NULL
3783,104,temores,-1,NULL,NULL,NULL,NULL
440,103,realizou,1,NULL,NULL,NULL,NULL
3455,103,receberão,1,NULL,NULL,NULL,NULL
3108,103,permanecer,NULL,1,NULL,NULL,NULL
5920,103,semelhante,NULL,0,NULL,NULL,NULL
2217,103,corrida,NULL,-1,NULL,NULL,NULL
1903,103,desenvolvida,NULL,1,NULL,NULL,NULL
7406,103,militar,NULL,0,NULL,NULL,NULL
857,102,gastar,NULL,0,NULL,NULL,NULL
2632,102,lançar,NULL,0,NULL,NULL,NULL
2441,102,mínimos,NULL,0,NULL,NULL,NULL
4557,102,garantias,1,NULL,NULL,NULL,NULL
7615,102,interessante,1,1,1,1,NULL
4281,102,primário,NULL,0,NULL,NULL,NULL
6241,102,técnicos,NULL,0,NULL,NULL,NULL
6934,102,topo,NULL,1,NULL,NULL,NULL
5338,102,vendida,NULL,-1,NULL,NULL,NULL
247,101,remoto,NULL,0,NULL,NULL,NULL
7159,101,significativo,NULL,1,1,NULL,NULL
4687,101,técnico,NULL,0,NULL,NULL,NULL
5402,101,excesso,NULL,NULL,-1,NULL,NULL
6009,101,explicar,NULL,-1,NULL,NULL,NULL
1862,101,iniciar,NULL,0,NULL,NULL,NULL
2824,101,bravo,1,0,NULL,0,1
2757,100,certamente,1,NULL,NULL,NULL,NULL
1950,100,leves,1,0,NULL,NULL,NULL
2030,100,precisar,NULL,1,NULL,NULL,NULL
7913,100,apostas,NULL,1,NULL,NULL,NULL
8052,100,branco,NULL,0,NULL,NULL,NULL
4218,100,cotados,NULL,1,NULL,NULL,NULL
2100,100,negativas,NULL,-1,NULL,NULL,NULL
3679,100,objetivos,NULL,0,NULL,NULL,NULL
6973,99,conhecida,NULL,1,NULL,NULL,NULL
2467,99,existentes,NULL,0,NULL,NULL,NULL
4924,99,impedir,-1,-1,NULL,NULL,NULL
3726,99,perderam,-1,NULL,NULL,NULL,NULL
3503,99,pobreza,-1,NULL,NULL,-1,NULL
7807,99,superiores,1,1,NULL,NULL,NULL
4825,99,utilizar,NULL,0,NULL,NULL,NULL
4495,98,seguintes,NULL,0,NULL,NULL,NULL
9257,98,vendidas,NULL,-1,NULL,NULL,NULL
2126,98,causar,NULL,1,NULL,NULL,NULL
2876,98,interna,NULL,0,NULL,NULL,NULL
6379,98,larga,NULL,-1,NULL,NULL,NULL
4003,98,atingiram,1,NULL,NULL,NULL,NULL
3837,98,facilitar,1,-1,1,NULL,NULL
5626,98,limitado,1,-1,NULL,-1,NULL
4279,97,certeza,1,NULL,NULL,NULL,NULL
3898,97,atentos,NULL,1,NULL,NULL,NULL
5649,97,divulgar,NULL,-1,NULL,NULL,NULL
7917,96,informais,NULL,0,NULL,NULL,NULL
5033,96,múltiplo,NULL,0,NULL,NULL,NULL
10298,96,ouvidos,NULL,0,NULL,NULL,NULL
3158,96,responder,NULL,0,NULL,NULL,NULL
1922,96,eficaz,1,1,NULL,1,NULL
3853,96,refinarias,1,NULL,NULL,NULL,NULL
7232,95,excluindo,-1,NULL,NULL,NULL,NULL
11252,95,oposição,-1,NULL,NULL,NULL,NULL
3008,95,preservar,1,-1,NULL,NULL,NULL
7386,95,constitucional,NULL,0,NULL,NULL,NULL
2462,95,elevados,NULL,1,NULL,NULL,NULL
3469,95,mundiais,NULL,0,NULL,NULL,NULL
4856,94,comentar,NULL,0,NULL,NULL,NULL
7049,94,derrubada,NULL,-1,NULL,NULL,NULL
5662,94,desempregados,NULL,-1,NULL,NULL,NULL
4283,94,estender,NULL,-1,NULL,NULL,NULL
9925,94,incentivos,NULL,-1,NULL,NULL,NULL
654,94,pacientes,NULL,1,NULL,NULL,NULL
2987,94,ameaça,-1,NULL,NULL,-1,NULL
7069,94,ausência,-1,NULL,NULL,NULL,NULL
7738,94,consideram,1,NULL,NULL,NULL,NULL
2603,94,definida,1,0,NULL,NULL,NULL
4165,94,destinados,-1,1,NULL,NULL,NULL
2604,94,finais,1,0,NULL,NULL,NULL
1231,94,corrupção,NULL,NULL,NULL,-1,NULL
4253,93,observado,NULL,1,NULL,NULL,NULL
1394,93,ativa,1,1,NULL,NULL,NULL
7,93,determinou,1,NULL,NULL,NULL,NULL
2058,93,dizendo,1,NULL,NULL,NULL,NULL
569,93,flexibilidade,1,NULL,NULL,1,NULL
9267,93,partindo,-1,NULL,NULL,NULL,NULL
5629,92,destinado,-1,1,NULL,NULL,NULL
7237,92,socorro,1,NULL,NULL,NULL,1
8263,92,vantagens,1,NULL,NULL,NULL,NULL
181,92,regionais,NULL,1,NULL,NULL,NULL
520,92,técnicas,NULL,0,NULL,NULL,NULL
1344,92,composto,NULL,1,NULL,1,NULL
806,92,jovens,NULL,0,NULL,NULL,NULL
870,91,causado,NULL,1,NULL,NULL,NULL
2105,91,competitivo,NULL,0,NULL,0,NULL
3117,91,consistente,NULL,1,1,1,NULL
6242,91,independentes,NULL,0,NULL,NULL,NULL
3653,91,acreditar,1,0,NULL,0,NULL
8494,91,cara,1,-1,NULL,NULL,NULL
