idurl,url,dia,mes,ano
6,www.infomoney.com.br/onde-investir/fundos-de-pensao-reduzem-deficit-para-r-93-bilhoes-em-julho-retorno-medio-esta-positivo-no-ano/,17,set,2020
23,www.infomoney.com.br/mercados/ibovespa-cai-seguindo-exterior-em-meio-a-preocupacoes-com-mensagem-do-fed-dolar-sobe-a-r-527/,17,set,2020
28,www.infomoney.com.br/mercados/petrobras-sofre-pressao-com-temores-sobre-petroleo-e-julgamento-no-supremo-mas-analistas-seguem-confiantes-com-estatal/,17,set,2020
39,www.infomoney.com.br/mercados/acao-da-rd-sobe-com-desdobramento-de-acoes-aprovado-vale-tem-baixa-com-forte-queda-do-minerio/,16,set,2020
40,www.infomoney.com.br/mercados/ibovespa-perde-novamente-os-100-mil-pontos-com-vale-e-apos-mais-um-dia-negativo-para-big-techs-dolar-cai-com-fed/,16,set,2020
63,www.infomoney.com.br/mercados/ibovespa-sobe-com-expectativa-de-que-fomc-reitere-discurso-tolerante-a-inflacao-dolar-cai-a-r-526/,16,set,2020
66,www.infomoney.com.br/mercados/ibovespa-futuro-sobe-com-expectativa-por-sinalizacao-de-tolerancia-a-inflacao-do-fomc-dolar-cai/,16,set,2020
73,www.infomoney.com.br/mercados/rd-desdobrara-acoes-oi-tem-geracao-de-caixa-positiva-klabin-convoca-assembleia-plano-plano-precifica-acao-e-mais/,16,set,2020
76,www.infomoney.com.br/mercados/os-5-assuntos-que-vao-movimentar-o-mercado-nesta-quarta-feira-160920/,16,set,2020
85,www.infomoney.com.br/mercados/acoes-da-minerva-sobem-forte-com-possivel-venda-de-parte-da-athena-vale-sobe-apesar-da-queda-do-minerio/,15,set,2020
86,www.infomoney.com.br/mercados/ibovespa-fecha-quase-estavel-com-politica-ofuscando-exterior-dolar-e-dis-sobem-com-fala-de-bolsonaro/,15,set,2020
100,www.infomoney.com.br/mercados/radar-infomoney-jair-bolsonaro-cancela-o-renda-brasil-veja-impactos-na-bolsa-do-fim-do-programa/,15,set,2020
106,www.infomoney.com.br/mercados/ibovespa-sobe-com-dados-fortes-da-china-mas-fala-de-bolsonaro-limita-ganhos-dolar-cai/,15,set,2020
111,www.infomoney.com.br/mercados/ibovespa-futuro-sobe-em-meio-a-dados-fortes-da-china-e-expectativa-por-reunioes-do-fed-e-do-copom/,15,set,2020
114,www.infomoney.com.br/mercados/petrobras-reduz-investimentos-entre-2021-e-2025-gol-deve-receber-proposta-do-bndes-oi-pode-entrar-em-leilao-de-5g-e-mais/,15,set,2020
117,www.infomoney.com.br/mercados/os-5-assuntos-que-vao-movimentar-o-mercado-nesta-terca-feira-150920/,15,set,2020
119,www.infomoney.com.br/mercados/petrobras-e-autorizada-substituir-nome-do-campo-de-lula/,15,set,2020
123,www.infomoney.com.br/mercados/acao-da-ser-salta-ate-14-apos-acordo-com-laureate-e-yduqs-tambem-dispara-oi-sobe-com-recomendacao-e-eletrobras-cai/,14,set,2020
125,www.infomoney.com.br/mercados/ibovespa-fecha-em-alta-de-19-e-retoma-os-100-mil-pontos-seguindo-exterior-dolar-cai-a-r-527/,14,set,2020
136,www.infomoney.com.br/onde-investir/negociacao-de-acoes-por-pessoas-fisicas-supera-a-de-investidor-institucional-pela-primeira-vez-desde-2010/,14,set,2020
147,www.infomoney.com.br/mercados/radar-infomoney-ser-educacional-compra-laureate-brasil-e-torna-se-o-quarto-maior-grupo-de-ensino-superior-do-pais/,14,set,2020
155,www.infomoney.com.br/mercados/ibovespa-sobe-com-retomada-de-testes-de-vacina-e-melhora-nos-eua-dolar-cai-a-r-530/,14,set,2020
162,www.infomoney.com.br/mercados/ibovespa-futuro-sobe-com-retomada-de-testes-de-vacina-recuperacao-dos-eua-e-atencao-a-indicadores/,14,set,2020
170,www.infomoney.com.br/mercados/ser-compra-laureate-no-brasil-por-r-4-bi-azul-recebe-proposta-de-financiamento-do-bndes-bbi-eleva-preco-alvo-de-oi-e-mais/,14,set,2020
174,www.infomoney.com.br/mercados/os-5-assuntos-que-vao-movimentar-o-mercado-nesta-segunda-feira-140920/,14,set,2020
187,www.infomoney.com.br/mercados/acoes-da-vale-saltam-com-anuncio-de-pagamento-de-proventos-petrobras-segue-queda-com-petroleo-e-biosev-tem-baixa/,11,set,2020
188,www.infomoney.com.br/mercados/ibovespa-fecha-em-queda-e-cai-28-na-semana-abaixo-dos-99-mil-pontos-dolar-sobe-05-em-5-dias/,11,set,2020
192,www.infomoney.com.br/colunistas/felippe-hermes/o-petroleo-e-nosso-mas-ele-ja-nao-vale-quase-nada/,11,set,2020
207,www.infomoney.com.br/mercados/ibovespa-sobe-com-vale-e-seguindo-tentativa-de-recuperacao-nos-eua-dolar-cai-a-r-527/,11,set,2020
230,www.infomoney.com.br/mercados/ibovespa-cai-24-perde-os-99-mil-pontos-e-bate-minima-em-quase-2-meses-pressionado-por-piora-das-bolsas-dos-eua-e-petroleo/,10,set,2020
232,www.infomoney.com.br/mercados/acoes-do-pao-de-acucar-saltam-19-com-estudo-para-cisao-do-assai-biosev-segue-ganhos-e-petrobras-cai-1/,10,set,2020
260,www.infomoney.com.br/mercados/ibovespa-cai-pressionado-por-petrobras-dis-sobem-em-meio-a-numeros-altos-de-varejo-e-inflacao/,10,set,2020
271,www.infomoney.com.br/politica/policia-federal-deflagra-novo-desdobramento-da-lava-jato-e-faz-buscas-na-sede-da-petrobras/,10,set,2020
273,www.infomoney.com.br/mercados/justica-nega-intervencao-imediata-na-vale-petz-capta-r-3-bi-no-maior-ipo-de-2020-raizen-confirma-conversa-com-biosev-e-mais/,10,set,2020
285,www.infomoney.com.br/mercados/acoes-de-siderurgicas-de-petrobras-e-de-e-commerce-sobem-em-sessao-de-recuperacao-oi-tem-alta-modesta-com-plano-aprovado/,9,set,2020
286,www.infomoney.com.br/mercados/ibovespa-fecha-em-alta-de-12-puxado-por-wall-street-e-recuperacao-do-petroleo-dolar-cai-a-r-530/,9,set,2020
310,www.infomoney.com.br/mercados/ibovespa-sobe-seguindo-wall-street-apos-as-fortes-baixas-dos-ultimos-pregoes-dolar-cai-a-r-532/,9,set,2020
312,www.infomoney.com.br/mercados/ibovespa-futuro-sobe-seguindo-correcao-em-wall-street-apos-sequencia-de-quedas-dolar-cai/,9,set,2020
315,www.infomoney.com.br/mercados/petrobras-inicia-fase-para-venda-de-ativo-na-bacia-de-santos-deutsche-eleva-gol-e-azul-plano-da-oi-aprovado-e-mais-noticias/,9,set,2020
319,www.infomoney.com.br/mercados/os-5-assuntos-que-vao-movimentar-o-mercado-nesta-quarta-feira-090920/,9,set,2020
325,www.infomoney.com.br/mercados/acoes-da-petrobras-caem-forte-seguindo-baixa-do-petroleo-varejistas-de-e-commerce-voltam-a-ter-baixa-e-oi-avanca-em-dia-de-assembleia/,8,set,2020
331,www.infomoney.com.br/mercados/petrobras-informa-reducao-de-5-nos-precos-do-diesel-e-da-gasolina/,8,set,2020
365,www.infomoney.com.br/mercados/expectativa-pela-assembleia-da-oi-vale-nao-chega-a-acordo-para-venda-de-ativo-3-noticias-de-petrobras-e-mais-noticias/,8,set,2020
394,www.infomoney.com.br/mercados/rotacao-continua-e-faz-acoes-de-bancos-e-aereas-subirem-e-de-varejistas-e-commerce-cairem-qualicorp-salta-ate-7/,4,set,2020
437,www.infomoney.com.br/mercados/acoes-da-vale-caem-3-com-mpf-pedindo-suspensao-de-dividendos-hering-e-embraer-lideram-ganhos-do-indice-e-bancos-sobem/,3,set,2020
482,www.infomoney.com.br/mercados/acoes-da-usiminas-saltam-csn-cai-e-carrefour-avanca-com-recomendacoes-fleury-sobe-5-com-lancamento-de-plataforma-de-saude/,2,set,2020
483,www.infomoney.com.br/mercados/ibovespa-fecha-em-leve-queda-na-contramao-de-wall-street-pressionado-por-vale-e-bancos-dolar-cai-a-r-535/,2,set,2020
492,www.infomoney.com.br/mercados/petrobras-reduz-diesel-em-6-e-gasolina-3-a-partir-de-amanha-nas-refinarias/,2,set,2020
508,www.infomoney.com.br/onde-investir/as-acoes-preferidas-dos-analistas-para-investir-em-setembro/,2,set,2020
510,www.infomoney.com.br/mercados/ibovespa-sobe-com-investidores-monitorando-reformas-no-brasil-dolar-e-dis-caem-apos-dado-frustrante-dos-eua/,2,set,2020
515,www.infomoney.com.br/mercados/ibovespa-futuro-sobe-com-noticiario-politico-e-expectativa-por-dados-dos-eua-dolar-avanca/,2,set,2020
521,www.infomoney.com.br/mercados/totvs-oferece-pagar-r-100-mi-a-linx-se-compra-for-vetada-estreia-de-lavvi-e-pague-menos-na-b3-recomendacoes-e-mais-noticias/,2,set,2020
522,www.infomoney.com.br/mercados/os-5-assuntos-que-vao-movimentar-o-mercado-nesta-quarta-feira-020920/,2,set,2020
523,www.infomoney.com.br/politica/camara-aprova-texto-base-de-abertura-do-mercado-de-gas/,2,set,2020
530,www.infomoney.com.br/mercados/acoes-de-petrobras-e-bancos-sobem-com-noticiario-domestico-mais-positivo-renner-tem-alta-de-5-apos-resultado/,1,set,2020
551,www.infomoney.com.br/economia/gigantes-do-petroleo-enfrentam-o-desafio-da-adaptacao-a-economia-verde/,1,set,2020
573,www.infomoney.com.br/economia/camara-poe-em-votacao-novo-marco-para-setor-de-gas/,1,set,2020
582,www.infomoney.com.br/mercados/acoes-do-irb-chegam-a-cair-7-apos-resultado-enquanto-energias-do-brasil-salta-6-com-politica-de-dividendos/,31,ago,2020
594,www.infomoney.com.br/mercados/lucro-das-empresas-de-capital-aberto-tem-queda-de-819-no-1o-semestre/,31,ago,2020
604,www.infomoney.com.br/economia/setor-publico-tem-deficit-primario-de-r-81071-bilhoes-em-julho-revela-bc/,31,ago,2020
643,www.infomoney.com.br/mercados/acao-da-cyrela-sobe-forte-com-faixa-indicativa-para-ipo-da-cury-eletrobras-avanca-apos-2-quedas/,28,ago,2020
644,www.infomoney.com.br/mercados/ibovespa-fecha-pregao-em-alta-de-15-com-alivio-domestico-e-dolar-cai-34-na-semana-gracas-a-fed/,28,ago,2020
662,www.infomoney.com.br/mercados/ibovespa-sobe-seguindo-wall-street-e-com-atencao-ao-ajuste-fiscal-dolar-cai-mais-de-1-a-r-550/,28,ago,2020
666,www.infomoney.com.br/mercados/ibovespa-futuro-sobe-com-exterior-e-em-meio-a-expectativas-sobre-os-programas-do-governo-dolar-cai-a-r-550/,28,ago,2020
669,www.infomoney.com.br/mercados/petrobras-faz-nova-venda-de-ativos-lucro-da-pagseguro-cai-82-bv-retoma-ipo-e-cury-define-faixa-de-preco-de-acoes-no-radar/,28,ago,2020
674,www.infomoney.com.br/mercados/os-5-assuntos-que-vao-movimentar-o-mercado-nesta-sexta-feira-280820/,28,ago,2020
685,www.infomoney.com.br/mercados/acoes-da-br-caem-3-com-petrobras-aprovando-venda-de-participacao-sanepar-desaba-6-apos-parana-pedir-suspensao-de-reajuste/,27,ago,2020
686,www.infomoney.com.br/mercados/ibovespa-fecha-estavel-com-risco-fiscal-limitando-animo-com-anuncio-do-fed-dolar-cai-a-r-557/,27,ago,2020
711,www.infomoney.com.br/mercados/ibovespa-sobe-repercutindo-o-discurso-do-presidente-do-fed-dolar-cai-a-r-559/,27,ago,2020
720,www.infomoney.com.br/mercados/ibovespa-futuro-opera-entre-perdas-e-ganhos-com-tentativa-de-correcao-ofuscada-por-cautela-antes-de-fala-de-powell/,27,ago,2020
723,www.infomoney.com.br/mercados/petrobras-vendera-fatia-restante-na-br-yduqs-tem-prejuizo-governo-quer-projeto-clone-para-privatizar-eletrobras-e-mais/,27,ago,2020
725,www.infomoney.com.br/mercados/os-5-assuntos-que-vao-movimentar-o-mercado-nesta-quinta-feira-270820/,27,ago,2020
727,www.infomoney.com.br/mercados/cvm-suspende-julgamento-que-apura-suposta-falha-da-pwc-em-auditorias-da-petrobras/,26,ago,2020
733,www.infomoney.com.br/mercados/acao-da-qualicorp-ameniza-apos-subir-forte-com-resultado-do-2o-tri-notredame-avanca-apos-acertar-compra-bilionaria-e-tecnisa-tem-nova-alta/,26,ago,2020
734,www.infomoney.com.br/mercados/ibovespa-fecha-em-queda-de-15-apos-fala-de-bolsonaro-mas-mantem-os-100-mil-pontos-gracas-a-wall-street-dolar-sobe-a-r-561/,26,ago,2020
749,www.infomoney.com.br/mercados/jbs-supera-petrobras-pela-primeira-vez-e-registra-maior-receita-trimestral-do-brasil-confira-o-ranking/,26,ago,2020
763,www.infomoney.com.br/mercados/ibovespa-opera-entre-perdas-e-ganhos-com-investidores-atentos-a-pacote-do-governo-dolar-sobe/,26,ago,2020
764,www.infomoney.com.br/mercados/ibovespa-futuro-tem-leve-baixa-com-expectativas-por-pacote-do-governo-e-sinalizacoes-do-fed-dolar-sobe/,26,ago,2020
769,www.infomoney.com.br/mercados/csn-avalia-ipo-da-csn-mineracao-lucro-liquido-da-qualicorp-sobe-215-tecnisa-convoca-assembleia-e-mais-noticias/,26,ago,2020
773,www.infomoney.com.br/mercados/os-5-assuntos-que-vao-movimentar-o-mercado-nesta-quarta-feira-260820/,26,ago,2020
781,www.infomoney.com.br/mercados/cvm-suspende-julgamento-de-caso-sobre-testes-de-impairment-na-petrobras/,25,ago,2020
784,www.infomoney.com.br/mercados/acoes-da-ser-saltam-mais-de-10-e-marisa-sobe-3-apos-resultados-eletrobras-tem-baixa-apos-disparada-em-2-pregoes-e-vale-cai-com-minerio/,25,ago,2020
786,www.infomoney.com.br/mercados/ibovespa-fecha-em-leve-queda-puxado-por-vale-e-preocupacoes-com-o-pacote-economico-do-governo-dolar-cai-a-r-552/,25,ago,2020
807,www.infomoney.com.br/politica/nova-fase-da-lava-jato-investiga-fraudes-em-licitacoes-da-petrobras-e-cumpre-15-mandados-de-busca-e-apreensao/,25,ago,2020
810,www.infomoney.com.br/mercados/ibovespa-sobe-com-exterior-em-meio-a-noticias-de-retomada-no-dialogo-entre-eua-e-china-dolar-cai-a-r-556/,25,ago,2020
815,www.infomoney.com.br/mercados/ibovespa-futuro-tem-leve-alta-em-meio-a-menor-tensao-entre-eua-e-china-dolar-futuro-cai/,25,ago,2020
825,www.infomoney.com.br/mercados/bc-aprova-parceria-entre-bb-e-ubs-prejuizo-da-marisa-sobe-507-rumo-capta-r-64-bi-em-oferta-de-acoes-e-mais-noticias/,25,ago,2020
828,www.infomoney.com.br/mercados/os-5-assuntos-que-vao-movimentar-o-mercado-nesta-terca-feira-250820/,25,ago,2020
832,www.infomoney.com.br/mercados/ibovespa-fecha-em-alta-com-exterior-apesar-de-adiamento-do-programa-pro-brasil-dolar-cai-a-r-559/,24,ago,2020
833,www.infomoney.com.br/mercados/acoes-da-eletrobras-tem-nova-alta-com-rumores-de-avanco-da-privatizacao-petrobras-sobe-com-petroleo-e-irb-cai-5/,24,ago,2020
837,www.infomoney.com.br/mercados/as-empresas-que-se-destacaram-para-o-bem-e-para-o-mal-na-temporada-do-2o-tri-a-mais-impactada-pelo-coronavirus/,24,ago,2020
839,https://www.infomoney.com.br/stock-pickers/para-gestor-da-legacy-bolsa-pode-bater-suas-historicas-ainda-em-2020/,24,ago,2020
845,www.infomoney.com.br/onde-investir/apesar-da-retomada-da-bolsa-gestores-de-acoes-descartam-bolha-no-mercado-brasileiro/,24,ago,2020
849,www.infomoney.com.br/mercados/ibovespa-sobe-em-meio-a-retracao-do-coronavirus-nos-eua-e-com-expectativa-por-pacote-de-guedes-dolar-cai-a-r-558/,24,ago,2020
856,www.infomoney.com.br/mercados/ibovespa-futuro-sobe-com-retracao-do-coronavirus-nos-eua-menor-tensao-geopolitica-e-expectativa-por-pacote-de-guedes/,24,ago,2020
861,www.infomoney.com.br/mercados/azul-tem-rating-rebaixado-para-ccc-petrobras-avanca-com-venda-de-ativos-omega-faz-compra-de-r-6617-mi-e-mais-noticias/,24,ago,2020
864,www.infomoney.com.br/mercados/os-5-assuntos-que-vao-movimentar-o-mercado-nesta-segunda-feira-240820/,24,ago,2020
881,https://www.infomoney.com.br/negocios/presidente-da-transpetro-cristiane-marsillac-renuncia-ao-cargo/,22,ago,2020
886,www.infomoney.com.br/onde-investir/esg-do-despertar-da-relevancia-ao-desenvolvimento-no-mercado-o-que-o-investidor-precisa-saber-hoje/,22,ago,2020
905,www.infomoney.com.br/mercados/senador-aciona-petrobras-e-ministerio-da-energia-por-almoxarifado-submarino-irregular/,21,ago,2020
938,https://www.infomoney.com.br/stock-pickers/bolsas-dolar-ouro-e-juros-a-visao-multimercado-de-marcio-appel/,20,ago,2020
939,www.infomoney.com.br/mercados/mesmo-com-reajustes-de-agosto-gasolina-e-diesel-tem-queda-no-ano-diz-petrobras/,20,ago,2020
943,www.infomoney.com.br/mercados/petrobras-bancos-e-aereas-caem-com-exterior-ruim-e-temor-fiscal-suzano-e-klabin-avancam-com-dolar-e-recomendacoes/,20,ago,2020
946,www.infomoney.com.br/colunistas/felippe-hermes/com-10-greves-em-9-anos-os-correios-seguem-perdendo-relevancia/,20,ago,2020
949,www.infomoney.com.br/mercados/parceria-com-petrobras-alavanca-microsoft-no-setor-petrolifero/,20,ago,2020
960,www.infomoney.com.br/mercados/petrobras-anuncia-altas-de-6-para-gasolina-e-de-5-para-o-diesel/,20,ago,2020
999,www.infomoney.com.br/mercados/acoes-da-ultrapar-saltam-com-acordo-de-acionistas-siderurgicas-tem-nova-alta-com-possivel-aumento-de-precos/,19,ago,2020
1032,www.infomoney.com.br/mercados/acordo-de-compra-da-linx-pela-stone-preve-multa-de-r-30-mi-a-fundadores-credit-recomenda-venda-para-acao-da-cogna-e-mais/,19,ago,2020
1036,www.infomoney.com.br/politica/policia-federal-deflagra-72a-fase-da-lava-jato-e-cumpre-2-mandados-de-prisao-temporaria/,19,ago,2020
1044,www.infomoney.com.br/mercados/ibovespa-sobe-25-e-tem-maior-alta-desde-8-de-junho-em-meio-a-apoio-de-bolsonaro-a-guedes-dolar-cai-a-r-546/,18,ago,2020
1045,www.infomoney.com.br/mercados/acoes-do-magazine-luiza-saltam-ate-6-apos-resultado-surpreendente-vale-e-siderurgicas-avancam-com-forte-alta-do-minerio/,18,ago,2020
1059,www.infomoney.com.br/mercados/titulos-de-credito-privado-retomam-nivel-pre-crise-especialistas-apontam-onde-estao-as-oportunidades/,18,ago,2020
1069,www.infomoney.com.br/mercados/ibovespa-sobe-e-dolar-cai-depois-de-bolsonaro-assegurar-apoio-a-guedes-e-teto-de-gastos/,18,ago,2020
1075,www.infomoney.com.br/mercados/ibovespa-futuro-sobe-apos-bolsonaro-reforcar-apoio-a-paulo-guedes-e-ao-teto-de-gastos-dolar-futuro-cai-1/,18,ago,2020
1076,www.infomoney.com.br/mercados/balanco-do-magalu-surpreende-mais-uma-vez-oi-pode-captar-r-2-bi-totvs-ameaca-ir-a-justica-por-proposta-pela-linx-e-mais/,18,ago,2020
1078,www.infomoney.com.br/mercados/os-5-assuntos-que-vao-movimentar-o-mercado-nesta-terca-feira-180820/,18,ago,2020
1113,www.infomoney.com.br/mercados/acao-da-eztec-sobe-forte-com-recomendacao-e-pedido-de-ipo-de-subsidiaria-frigorificos-avancam/,17,ago,2020
1126,www.infomoney.com.br/mercados/petrobras-avanca-na-venda-de-termeletricas-resultados-de-cemig-pdg-profarma-e-d1000-e-mais-destaques/,17,ago,2020
1169,www.infomoney.com.br/economia/bndes-registra-prejuizo-contabil-de-r-582-milhoes-no-2o-trimestre/,14,ago,2020
1170,www.infomoney.com.br/colunistas/felippe-hermes/o-brasil-segue-sem-perder-a-oportunidade-de-perder-uma-oportunidade/,14,ago,2020
1197,www.infomoney.com.br/mercados/acoes-da-marfrig-saltam-ate-10-via-varejo-dispara-e-brf-cai-forte-apos-balancos-veja-mais-destaques/,13,ago,2020
1198,www.infomoney.com.br/mercados/ibovespa-fecha-em-queda-de-16-e-volta-aos-100-mil-pontos-com-preocupacoes-pela-area-fiscal-dolar-cai-a-r-536/,13,ago,2020
1205,www.infomoney.com.br/mercados/aie-eleva-projecao-para-demanda-por-petroleo-pelo-brasil-em-2021/,13,ago,2020
1224,www.infomoney.com.br/mercados/ibovespa-sobe-apos-surpresa-com-dado-americano-mas-preocupacao-com-ambiente-fiscal-segue-no-radar-dolar-cai/,13,ago,2020
1251,www.infomoney.com.br/mercados/acoes-da-eletrobras-caem-mais-de-3-apos-saida-de-secretario-de-desestatizacao-e-aereas-tem-nova-alta-petrobras-e-vale-avancam-2/,12,ago,2020
1253,www.infomoney.com.br/mercados/petrobras-confirma-alta-de-2-no-diesel-e-de-4-na-gasolina-a-partir-do-dia-13/,12,ago,2020
1281,www.infomoney.com.br/mercados/lucros-da-br-distribuidora-e-rd-caem-prejuizo-da-gafisa-sobe-85-no-2o-tri-acordo-para-unir-linx-stone/,12,ago,2020
1296,www.infomoney.com.br/politica/o-rebranding-da-lava-jato-no-governo-bolsonaro/,11,ago,2020
1297,www.infomoney.com.br/mercados/ibovespa-fecha-em-queda-de-12-com-incertezas-a-respeito-do-rombo-fiscal-e-de-um-tratamento-para-a-covid-19/,11,ago,2020
1326,www.infomoney.com.br/mercados/acoes-da-cosan-caem-e-da-sao-martinho-sobem-forte-apos-resultados-petrobras-avanca-seguindo-alta-do-petroleo/,11,ago,2020
1327,www.infomoney.com.br/onde-investir/bradesco-cria-ranking-ambiental-de-empresas/,11,ago,2020
1329,www.infomoney.com.br/mercados/ibovespa-sobe-com-falas-de-trump-e-expectativa-por-estimulos-dolar-cai-e-dis-sobem-refletindo-ata-do-copom/,11,ago,2020
1332,www.infomoney.com.br/mercados/ibovespa-futuro-sobe-com-falas-de-trump-e-atencao-a-estimulos-e-ata-do-copom-dolar-cai/,11,ago,2020
1335,www.infomoney.com.br/mercados/cosan-tem-prejuizo-de-r-1744-mi-no-2o-tri-e-outros-balancos-noticiario-de-petrobras-adr-da-embraer-rebaixado-por-morgan-e-mais/,11,ago,2020
1339,www.infomoney.com.br/mercados/os-5-assuntos-que-vao-movimentar-o-mercado-nesta-terca-feira-110820/,11,ago,2020
1342,www.infomoney.com.br/mercados/petrobras-efetua-pagamento-para-encerrar-litigio-com-petros-sobre-sete-brasil/,10,ago,2020
1351,www.infomoney.com.br/mercados/ibovespa-fecha-em-alta-de-065-impulsionado-por-possibilidade-de-acordo-para-estimulos-nos-eua-dolar-sobe-a-r-546/,10,ago,2020
1377,www.infomoney.com.br/mercados/acoes-da-braskem-sobem-forte-com-odebrecht-iniciando-processo-de-venda-tim-e-vivo-avancam-com-exclusividade-por-oi-movel/,10,ago,2020
1379,www.infomoney.com.br/mercados/ibovespa-sobe-apos-mini-pacote-de-estimulos-de-trump-e-em-meio-a-noticiario-politico-dolar-cai/,10,ago,2020
1384,www.infomoney.com.br/mercados/ibovespa-futuro-opera-entre-perdas-e-ganhos-com-investidores-atentos-a-medidas-de-trump-e-falas-de-maia/,10,ago,2020
1388,www.infomoney.com.br/mercados/vivo-tim-claro-com-exclusividade-pela-oi-movel-odebrecht-comeca-processo-para-venda-da-braskem-estreias-na-b3-e-mais/,10,ago,2020
1390,www.infomoney.com.br/mercados/os-5-assuntos-que-vao-movimentar-o-mercado-nesta-segunda-feira-070820/,10,ago,2020
1392,https://www.infomoney.com.br/stock-pickers/spx-velt-dahlia-um-resumo-das-cartas-e-calls-das-gestoras-em-agosto/,9,ago,2020
1424,www.infomoney.com.br/mercados/mercado-livre-ultrapassa-a-vale-e-se-torna-a-empresa-mais-valiosa-da-america-latina-confira-ranking/,7,ago,2020
1434,www.infomoney.com.br/mercados/acoes-de-petrobras-e-vale-caem-com-commodities-e-tensao-eua-china-bancos-tem-queda-apos-votacao-no-senado/,7,ago,2020
1446,www.infomoney.com.br/mercados/multiplan-tem-queda-de-38-do-lucro-tenda-lucra-45-menos-e-mais-resultados-ipos-e-outros-destaques-no-radar/,7,ago,2020
1480,www.infomoney.com.br/mercados/os-melhores-fundos-de-acoes-e-multimercados-em-julho-e-em-12-meses/,6,ago,2020
1512,www.infomoney.com.br/mercados/ibovespa-fecha-em-alta-de-16-puxado-por-petrobras-e-com-exterior-mais-tranquilo-dolar-sobe-antes-do-copom/,5,ago,2020
1513,www.infomoney.com.br/mercados/acoes-da-petrobras-saltam-mais-de-5-seguindo-petroleo-gerdau-e-iguatemi-sobem-forte-enquanto-embraer-cai-apos-resultados/,5,ago,2020
1537,www.infomoney.com.br/mercados/ibovespa-sobe-em-meio-a-expectativas-por-copom-e-estimulos-nos-eua-dolar-cai-a-r-527/,5,ago,2020
1543,www.infomoney.com.br/mercados/ibovespa-futuro-sobe-apesar-de-dado-de-emprego-ruim-nos-eua-com-investidores-aguardando-estimulos-no-pais/,5,ago,2020
1548,www.infomoney.com.br/mercados/embraer-tem-prejuizo-ajustado-de-r-107-bi-klabin-reverte-lucro-e-mais-resultados-nova-aquisicao-da-notre-dame-e-outras-noticias/,5,ago,2020
1549,www.infomoney.com.br/mercados/os-5-assuntos-que-vao-movimentar-o-mercado-nesta-quarta-feira-050820/,5,ago,2020
1550,www.infomoney.com.br/mercados/bndes-aproveita-recuperacao-da-bolsa-para-vender-r-81-bilhoes-em-acoes-da-vale/,5,ago,2020
1552,www.infomoney.com.br/mercados/petrobras-justica-extingue-acao-da-previ-que-pedia-hipoteca-de-imoveis/,5,ago,2020
1559,www.infomoney.com.br/mercados/acoes-do-itau-caem-mais-de-3-com-resultado-oi-tem-nova-baixa-apos-fim-de-exclusividade-da-highline-e-petrobras-cai-seguindo-petroleo/,4,ago,2020
1573,www.infomoney.com.br/onde-investir/as-acoes-mais-recomendadas-pelos-analistas-para-comprar-em-agosto/,4,ago,2020
1575,www.infomoney.com.br/mercados/bndes-faz-desinvestimento-bilionario-na-vale-e-acoes-ficam-em-leilao-por-quase-duas-horas/,4,ago,2020
1596,www.infomoney.com.br/mercados/bndes-quer-vender-acoes-da-petrobras-e-vale-neste-mes-afirmam-fontes-a-bloomberg/,4,ago,2020
1606,www.infomoney.com.br/mercados/acoes-pn-da-oi-tem-forte-queda-antes-de-decisao-sobre-operacao-movel-cogna-tem-nova-baixa-e-vale-sobe-3-com-minerio/,3,ago,2020
1607,www.infomoney.com.br/mercados/ibovespa-fecha-em-leve-baixa-na-contramao-de-wall-street-dolar-sobe-a-r-531-com-correcao-e-aumento-de-incertezas/,3,ago,2020
1620,www.infomoney.com.br/minhas-financas/petrobras-reduz-preco-de-gas-para-distribuidoras-em-48-em-dolar-e-35-em-reais/,3,ago,2020
1621,www.infomoney.com.br/minhas-financas/padrao-de-vida-do-brasileiro-deve-ter-queda-recorde/,3,ago,2020
1625,www.infomoney.com.br/mercados/acoes-de-eztec-e-petrorio-entram-na-primeira-previa-da-nova-carteira-do-ibovespa/,3,ago,2020
1626,www.infomoney.com.br/onde-investir/previ-mira-ipos-e-aposta-em-negocios-sustentaveis/,3,ago,2020
1636,www.infomoney.com.br/mercados/ibovespa-sobe-com-mais-uma-vacina-na-fase-3-e-em-meio-a-dados-economicos-dolar-dispara-a-r-527/,3,ago,2020
1645,www.infomoney.com.br/mercados/dia-d-para-oi-irb-paga-proventos-bb-seguridade-lucra-9818-mi-resultado-nao-auditado-da-cvc-e-mais-noticias/,3,ago,2020
1649,www.infomoney.com.br/economia/gasolina-tera-alta-de-qualidade-obrigatoria-a-partir-desta-segunda-confira-o-que-muda/,3,ago,2020
1675,www.infomoney.com.br/mercados/ibovespa-fecha-em-queda-mas-nao-apaga-mes-de-forte-alta-puxada-por-indicadores-e-esperanca-de-vacina/,31,jul,2020
1677,www.infomoney.com.br/mercados/acoes-de-petrobras-e-engie-sobem-com-balancos-enquanto-fleury-cai-ecorodovias-salta-apos-acordo-com-acionistas/,31,jul,2020
1689,www.infomoney.com.br/mercados/tempestade-perfeita-petrobras-passa-bem-por-crise-sem-precedentes-do-2o-tri-e-reforca-otimismo-com-acoes/,31,jul,2020
1691,www.infomoney.com.br/economia/setor-publico-tem-em-junho-deficit-primario-de-r-188682-bi-o-maior-da-serie/,31,jul,2020
1694,www.infomoney.com.br/onde-investir/premios-pagos-pelos-titulos-do-tesouro-direto-recuam-na-manha-desta-sexta-feira/,31,jul,2020
1695,www.infomoney.com.br/mercados/ibovespa-tem-leve-alta-com-investidores-atentos-a-exterior-e-resultados-dolar-comercial-sobe-a-r-518/,31,jul,2020
1699,www.infomoney.com.br/mercados/ibovespa-futuro-tem-leve-queda-com-dados-economicos-europeus-e-temporada-de-resultados-dolar-sobe-a-r-517/,31,jul,2020
1702,www.infomoney.com.br/mercados/repercussoes-de-balancos-de-petrobras-even-e-mais-magalu-faz-aquisicao-estreia-da-soma-na-b3-e-outros-destaques/,31,jul,2020
1706,www.infomoney.com.br/mercados/os-5-assuntos-que-vao-movimentar-o-mercado-nesta-sexta-feira-310720/,31,jul,2020
1709,www.infomoney.com.br/mercados/fleury-tem-prejuizo-de-r-73-milhoes-no-2o-tri-e-lucro-da-engie-quase-dobra-veja-mais-destaques/,30,jul,2020
1717,www.infomoney.com.br/mercados/petrobras-reverte-lucro-e-tem-prejuizo-de-r-271-bilhoes-no-segundo-trimestre/,30,jul,2020
1719,www.infomoney.com.br/mercados/petrobras-anuncia-reducao-media-de-4-no-preco-da-gasolina-nas-refinarias/,30,jul,2020
1742,www.infomoney.com.br/mercados/acao-da-ambev-sobe-forte-apos-resultado-e-elevacao-de-recomendacao-bradesco-e-vale-caem/,30,jul,2020
1756,www.infomoney.com.br/mercados/lucro-da-ambev-cai-51-a-r-127-bi-resultados-de-pao-de-acucar-tim-localiza-e-mais-noticias-no-radar/,30,jul,2020
1758,www.infomoney.com.br/mercados/petrobras-afirma-que-pode-recuperar-ate-r-169-bilhoes-apos-ganhar-causa-sobre-pis-cofins/,30,jul,2020
1779,www.infomoney.com.br/mercados/bons-numeros-para-vale-pior-momento-para-petrobras-o-que-esperar-dos-resultados-das-duas-gigantes-da-bolsa/,29,jul,2020
1793,www.infomoney.com.br/mercados/petrobras-diz-que-ja-produz-nova-gasolina-que-sera-obrigatoria-a-partir-de-2022/,29,jul,2020
1805,www.infomoney.com.br/mercados/br-distribuidora-e-santander-aprovam-pagamento-de-dividendos-de-mais-de-r-500-milhoes-cada/,28,jul,2020
1824,www.infomoney.com.br/onde-investir/motivadas-por-demanda-global-gestoras-brasileiras-apostam-em-fundos-verdes/,28,jul,2020
1843,www.infomoney.com.br/mercados/acao-do-carrefour-dispara-ate-8-apos-resultado-positivo-tim-vivo-e-oi-sobem-com-nova-proposta-por-oi-movel/,28,jul,2020
1852,www.infomoney.com.br/mercados/bndes-confirma-ter-aceitado-proposta-da-aes-corp-por-aes-tiete-lucro-75-maior-do-carrefour-e-mais-noticias/,28,jul,2020
1868,www.infomoney.com.br/mercados/desde-a-ultima-crise-volatilidade-do-indice-de-small-caps-da-b3-e-menor-do-que-a-do-ibovespa/,27,jul,2020
1883,www.infomoney.com.br/mercados/acoes-de-oi-e-weg-sobem-forte-apos-recomendacoes-aes-tiete-avanca-com-nova-proposta-e-hypera-tem-alta-apos-resultado/,27,jul,2020
1919,www.infomoney.com.br/carreira/analista-de-acoes-conheca-a-profissao-que-identifica-as-melhores-oportunidades-da-bolsa/,24,jul,2020
1920,www.infomoney.com.br/mercados/resultados-de-petrobras-vale-ambev-bradesco-e-mais-24-empresas-agitam-a-proxima-semana/,24,jul,2020
1924,www.infomoney.com.br/mercados/pib-dos-eua-fomc-guerra-fria-e-balancos-de-blue-chips-o-que-acompanhar-na-proxima-semana/,24,jul,2020
1928,www.infomoney.com.br/mercados/acao-da-eneva-cai-apos-nova-proposta-por-aes-tiete-positivo-sobe-7-com-vitoria-no-tse-e-vale-cai-seguindo-minerio/,24,jul,2020
1938,www.infomoney.com.br/economia/banco-do-brics-investe-em-sustentabilidade/,24,jul,2020
1956,www.infomoney.com.br/mercados/eneva-confirma-nova-proposta-por-aes-tiete-positivo-vence-licitacao-do-tse-para-novas-urnas-e-mais-noticias/,24,jul,2020
1965,www.infomoney.com.br/mercados/acoes-on-da-oi-saltam-mais-de-15-com-oferta-da-highline-enquanto-tim-e-vivo-caem-forte-vale-avanca/,23,jul,2020
1967,www.infomoney.com.br/mercados/ibovespa-fecha-em-queda-de-2-seguindo-bolsas-americanas-em-dia-de-dados-fracos-e-pessimismo-com-techs/,23,jul,2020
1988,www.infomoney.com.br/mercados/ibovespa-opera-entre-perdas-e-ganhos-com-mercado-atento-a-noticias-dos-eua-dolar-sobe-a-r-517/,23,jul,2020
1996,www.infomoney.com.br/mercados/ibovespa-futuro-tem-leve-alta-com-expectativa-por-estimulo-nos-eua-ofuscando-recorde-da-covid-dolar-avanca/,23,jul,2020
1999,www.infomoney.com.br/mercados/vasta-da-cogna-lanca-ipo-nos-eua-e-dimed-levanta-r-1-bi-com-oferta-noticias-de-petrobras-e-vale-no-radar/,23,jul,2020
2000,www.infomoney.com.br/mercados/os-5-assuntos-que-vao-movimentar-o-mercado-nesta-quinta-feira-230720/,23,jul,2020
2001,www.infomoney.com.br/mercados/petrobras-aprova-pagamento-de-dividendos-de-r-17-bilhao-para-acoes-ordinarias/,23,jul,2020
2008,www.infomoney.com.br/mercados/acao-da-weg-salta-ate-9-com-resultado-positivo-qualicorp-tem-nova-sessao-de-forte-baixa-e-petrobras-cai/,22,jul,2020
2009,www.infomoney.com.br/mercados/ibovespa-fecha-no-zero-a-zero-entre-temores-da-tensao-eua-china-e-acordo-por-vacina-do-coronavirus-dolar-cai-para-r-511/,22,jul,2020
2033,www.infomoney.com.br/mercados/ibovespa-tem-leve-alta-na-contramao-do-exterior-mas-com-investidores-atentos-a-tensao-eua-china-dolar-cai-a-r-513/,22,jul,2020
2038,www.infomoney.com.br/mercados/ibovespa-futuro-opera-entre-perdas-e-ganhos-em-meio-ao-aumento-nas-tensoes-entre-eua-e-china-dolar-tem-leve-queda/,22,jul,2020
2039,www.infomoney.com.br/mercados/governo-pode-criar-nova-empresa-para-privatizar-eletrobras-b2w-aprova-aumento-de-capital-lucro-da-weg-sobe-32-e-mais/,22,jul,2020
2041,www.infomoney.com.br/mercados/os-5-assuntos-que-vao-movimentar-o-mercado-nesta-quarta-feira-220720/,22,jul,2020
2049,www.infomoney.com.br/mercados/producao-da-petrobras-tem-alta-de-64-no-segundo-trimestre-e-vai-a-28-milhoes-de-barris/,21,jul,2020
2052,www.infomoney.com.br/mercados/ibovespa-fecha-em-leve-baixa-com-correcao-apos-altas-recentes-dolar-cai-24-e-volta-para-r-521/,21,jul,2020
2053,www.infomoney.com.br/mercados/acoes-da-petrobras-sobem-com-petroleo-e-via-varejo-segue-em-alta-qualicorp-cai-ate-7-apos-ser-alvo-de-operacao/,21,jul,2020
2061,www.infomoney.com.br/mercados/entre-fundo-do-poco-e-sinais-de-recuperacao-o-que-esperar-da-temporada-de-resultados-do-2o-trimestre/,21,jul,2020
2068,www.infomoney.com.br/mercados/ibovespa-sobe-com-estimulo-na-uniao-europeia-e-expectativa-por-3a-fase-de-vacinas-dolar-cai/,21,jul,2020
2070,www.infomoney.com.br/mercados/ibovespa-futuro-sobe-com-acordo-da-uniao-europeia-e-expectativa-por-vacinas-dolar-cai-a-r-530/,21,jul,2020
2074,www.infomoney.com.br/mercados/petrobras-conclui-venda-do-restante-da-tag-por-r-11-bi-braskem-capta-us-600-mi-com-titulos-producao-da-vale-e-mais-noticias/,21,jul,2020
2076,www.infomoney.com.br/mercados/os-5-assuntos-que-vao-movimentar-o-mercado-nesta-terca-feira-210720/,21,jul,2020
2083,www.infomoney.com.br/mercados/como-os-gestores-de-fundos-identificam-as-acoes-mais-promissoras-da-bolsa/,20,jul,2020
2088,www.infomoney.com.br/mercados/acoes-da-oi-saltam-mais-de-10-enquanto-tim-e-vivo-sobem-forte-apos-oferta-conjunta-ser-avanca-mais-de-6/,20,jul,2020
2120,www.infomoney.com.br/mercados/oi-recebe-ofertas-por-unidade-movel-maia-desiste-de-pedido-para-barrar-venda-de-refinarias-da-petrobras-e-mais-noticias/,20,jul,2020
2139,www.infomoney.com.br/mercados/temporada-de-resultados-ipca-15-e-reforma-tributaria-o-que-acompanhar-na-proxima-semana/,17,jul,2020
2143,www.infomoney.com.br/mercados/bnp-ve-investidor-mais-seletivo-para-titulos-de-risco-da-america-latina/,17,jul,2020
2162,www.infomoney.com.br/mercados/acao-da-profarma-salta-6-apos-aprovacao-de-ipo-da-d1000-marfrig-sobe-mais-de-3-e-apenas-duas-acoes-do-ibovespa-caem/,17,jul,2020
2169,www.infomoney.com.br/mercados/conselho-da-profarma-aprova-ipo-da-d1000-previas-de-eztec-e-tenda-e-mais-noticias/,17,jul,2020
2185,www.infomoney.com.br/mercados/acao-da-marfrig-sobe-3-com-credit-prevendo-2o-tri-positivo-vale-cai-com-minerio-e-petrobras-tem-baixa-com-petroleo/,16,jul,2020
2186,www.infomoney.com.br/mercados/ibovespa-fecha-em-queda-de-12-pressionado-por-exterior-apos-dados-mistos-da-china-dolar-recua-a-r-532/,16,jul,2020
2203,www.infomoney.com.br/onde-investir/as-acoes-que-ganharam-espaco-nas-carteiras-das-gestoras-tarpon-moat-e-indie-durante-a-crise/,16,jul,2020
2207,https://www.infomoney.com.br/stock-pickers/o-que-e-confortavel-raramente-e-rentavel-equitas-explica-as-mudancas-na-carteira-do-fundo/,16,jul,2020
2209,www.infomoney.com.br/mercados/ibovespa-cai-com-fraqueza-de-varejo-da-china-apesar-de-alta-do-pib-dolar-cai-r-535/,16,jul,2020
2214,www.infomoney.com.br/mercados/ibovespa-futuro-cai-com-temor-de-novas-quarentenas-e-dados-mistos-da-china-dolar-futuro-opera-entre-perdas-e-ganhos/,16,jul,2020
2217,www.infomoney.com.br/mercados/vale-deve-discutir-retomada-de-dividendos-petrobras-vende-ativos-oferta-de-acoes-da-jhsf-e-mais-noticias/,16,jul,2020
2220,www.infomoney.com.br/mercados/os-5-assuntos-que-vao-movimentar-o-mercado-nesta-quinta-feira-160720/,16,jul,2020
2240,www.infomoney.com.br/mercados/acoes-de-cvc-saltam-ate-10-e-aereas-avancam-4-com-maior-otimismo-sobre-vacina-petrobras-e-vale-sobem-com-commodities/,15,jul,2020
2241,www.infomoney.com.br/mercados/ibovespa-fecha-em-alta-de-13-e-encosta-nos-102-mil-pontos-em-meio-a-sucesso-de-teste-de-vacina-da-moderna/,15,jul,2020
2265,www.infomoney.com.br/mercados/ibovespa-sobe-com-testes-promissores-de-vacina-da-moderna-contra-o-coronavirus-dolar-cai-a-r-533/,15,jul,2020
2268,www.infomoney.com.br/mercados/ibovespa-futuro-sobe-com-esperanca-por-vacina-contra-o-coronavirus-dolar-futuro-cai-a-r-532/,15,jul,2020
2273,www.infomoney.com.br/mercados/lojas-americanas-capta-r-787-bi-em-oferta-de-acoes-br-distribuidora-retoma-vendas-de-gasolina-de-aviacao-e-mais-noticias/,15,jul,2020
2274,www.infomoney.com.br/mercados/os-5-assuntos-que-vao-movimentar-o-mercado-nesta-quarta-feira-150720/,15,jul,2020
2284,www.infomoney.com.br/mercados/petrobras-vai-anunciar-novidades-em-seu-programa-de-desinvestimento-diz-castello-branco/,14,jul,2020
2288,www.infomoney.com.br/mercados/acoes-da-vale-sobem-com-minerio-e-dados-da-china-cyrela-tem-queda-apos-previa-operacional/,14,jul,2020
2289,www.infomoney.com.br/consumo/novas-especificacoes-para-gasolina-valem-a-partir-de-3-de-agosto-diz-anp/,14,jul,2020
2324,https://www.infomoney.com.br/stock-pickers/florian-bartunek-20-anos-em-2-meses-o-esg-crescera-mais-rapido-do-que-todos-imaginam/,14,jul,2020
2325,www.infomoney.com.br/mercados/vendas-da-cyrela-caem-57-e-smiles-convoca-assembleia-sobre-compra-de-passagens-da-gol-petrobras-e-mais-noticias/,14,jul,2020
2335,www.infomoney.com.br/mercados/acoes-de-vale-e-siderurgicas-sobem-forte-com-alta-do-minerio-de-ferro-even-avanca-5-com-possivel-ipo-de-subsidiaria/,13,jul,2020
2336,www.infomoney.com.br/mercados/ibovespa-fecha-em-queda-de-13-pressionado-por-exterior-na-reta-final-do-pregao-dolar-sobe-a-r-538/,13,jul,2020
2338,www.infomoney.com.br/mercados/petrobras-tem-situacao-financeira-mais-segura-que-seus-pares-na-america-latina-diz-moodys/,13,jul,2020
2355,https://www.infomoney.com.br/stock-pickers/a-combinacao-poderosa-da-carteira-que-nunca-perdeu-para-o-ibovespa/,13,jul,2020
2362,www.infomoney.com.br/mercados/ibovespa-sobe-com-investidores-atentos-a-retomada-de-paises-que-sairam-da-quarentena-dolar-sobe-a-r/,13,jul,2020
2368,www.infomoney.com.br/mercados/ibovespa-futuro-sobe-com-perspectivas-de-recuperacao-economica-dolar-tem-leve-alta/,13,jul,2020
2370,www.infomoney.com.br/mercados/even-estuda-ipo-de-subsidiaria-grupamento-de-acoes-da-helbor-estreia-de-acoes-da-ambipar-e-mais-destaques/,13,jul,2020
2371,www.infomoney.com.br/mercados/os-5-assuntos-que-vao-movimentar-o-mercado-nesta-segunda-feira-130720/,13,jul,2020
2375,www.infomoney.com.br/mercados/por-que-as-bolsas-dos-eua-e-do-brasil-sobem-apesar-da-pandemia-ainda-longe-do-fim-e-o-que-esperar/,12,jul,2020
2381,www.infomoney.com.br/onde-investir/como-o-fundo-de-acoes-que-mais-ganhou-cotistas-no-1o-semestre-esta-investindo-agora/,11,jul,2020
2390,www.infomoney.com.br/mercados/ibovespa-sobe-338-na-semana-e-fecha-acima-de-100-mil-pontos-apos-boa-noticia-sobre-tratamento-da-covid/,10,jul,2020
2408,www.infomoney.com.br/onde-investir/os-fundos-de-acoes-e-multimercados-que-mais-ganharam-e-perderam-cotistas-no-1o-semestre/,10,jul,2020
2409,www.infomoney.com.br/mercados/acao-da-cvc-salta-10-apos-aprovar-aumento-de-capital-eletrobras-cai-apos-salto-na-vespera-e-cielo-sobe-2/,10,jul,2020
2411,www.infomoney.com.br/mercados/ibovespa-opera-proximo-da-estabilidade-entre-alta-de-casos-e-boa-noticia-sobre-tratamento-do-coronavirus/,10,jul,2020
2418,www.infomoney.com.br/mercados/ibovespa-futuro-segue-exterior-e-tem-leve-queda-com-preocupacoes-sobre-aumento-de-casos-de-covid-no-mundo/,10,jul,2020
2421,www.infomoney.com.br/mercados/cielo-recebe-aval-do-bc-para-ser-emissora-aumento-de-capital-da-cvc-venda-de-ativos-da-petrobras-e-mais-noticias/,10,jul,2020
2422,www.infomoney.com.br/mercados/os-5-assuntos-que-vao-movimentar-o-mercado-nesta-sexta-feira-100720/,10,jul,2020
2427,www.infomoney.com.br/economia/aumento-de-tributos-nao-pode-ser-tabu-diz-economista-chefe-do-itau/,9,jul,2020
2429,www.infomoney.com.br/mercados/acao-do-irb-tem-queda-de-quase-10-apos-aprovar-capitalizacao-bilionaria-braskem-cai-4-e-eletrobras-sobe-5/,9,jul,2020
2488,www.infomoney.com.br/mercados/acao-da-mrv-salta-ate-6-apos-previa-e-camil-sobe-forte-com-resultado-varejistas-avancam-com-dados-do-ibge/,8,jul,2020
2509,www.infomoney.com.br/mercados/petrobras-anuncia-aumento-de-5-na-gasolina-valido-a-partir-do-dia-8/,7,jul,2020
2515,www.infomoney.com.br/colunistas/convidados/violinos-e-carbono-vamos-seguir-tocando-ate-o-naufragio/,7,jul,2020
2523,www.infomoney.com.br/mercados/mercado-de-capitais-tem-queda-na-captacao-no-1o-semestre-mas-emissoes-em-renda-variavel-sobem-525/,7,jul,2020
2531,www.infomoney.com.br/mercados/acao-da-cvc-cai-ate-6-com-tratativas-finais-de-capitalizacao-frigorificos-tem-forte-alta/,7,jul,2020
2539,www.infomoney.com.br/mercados/vendas-da-even-caem-39-cvc-em-tratativas-finais-para-capitalizacao-profarma-estuda-oferta-de-acoes-da-d1000-e-mais/,7,jul,2020
2565,www.infomoney.com.br/mercados/acoes-de-lojas-americanas-e-jhsf-avancam-apos-anuncio-de-oferta-de-acoes-cosan-sobe-forte-com-reorganizacao-societaria/,6,jul,2020
2604,https://www.infomoney.com.br/stock-pickers/squadra-effect-a-queda-de-77-do-ibr-contada-os-9-atos/,3,jul,2020
2608,www.infomoney.com.br/mercados/presidente-do-congresso-questiona-stf-sobre-manobra-na-petrobras-e-eleva-incerteza-sobre-venda-de-ativos/,3,jul,2020
2615,www.infomoney.com.br/mercados/acao-do-irb-chega-a-cair-ate-7-mas-ameniza-minerva-sobe-2-com-dados-de-exportacao-e-jhsf-avanca-7/,3,jul,2020
2621,https://www.infomoney.com.br/stock-pickers/investir-em-acoes-sem-a-volatilidade-da-bolsa-sim-e-possivel/,3,jul,2020
2627,www.infomoney.com.br/mercados/tim-aprova-grupamento-de-acoes-na-razao-de-100-para-1-eneva-entra-no-mercado-de-petroleo-petrobras-e-mais-noticias/,3,jul,2020
2660,www.infomoney.com.br/onde-investir/as-acoes-mais-recomendadas-pelos-analistas-para-comprar-em-julho/,2,jul,2020
2663,www.infomoney.com.br/mercados/acoes-de-aereas-cvc-e-embraer-sobem-forte-com-maior-otimismo-do-mercado-petrobras-avanca-entre-petroleo-e-recomendacao/,2,jul,2020
2673,www.infomoney.com.br/mercados/weg-e-anima-anunciam-aquisicoes-bradesco-bbi-reforca-br-distribuidora-como-top-pick-e-mais-destaques/,2,jul,2020
2676,www.infomoney.com.br/mercados/estrategistas-veem-alta-modesta-da-bolsa-ate-fim-do-ano/,2,jul,2020
2699,www.infomoney.com.br/mercados/acao-da-cielo-dispara-ate-10-apos-cade-revogar-suspensao-de-parceria-com-whatsapp-irb-tem-nova-queda-e-petrobras-avanca/,1,jul,2020
2702,www.infomoney.com.br/onde-investir/tesouro-direto-titulos-publicos-tem-queda-de-ate-158-no-semestre-confira-onde-estao-as-oportunidades-agora/,1,jul,2020
2717,www.infomoney.com.br/mercados/ibovespa-termina-o-semestre-com-queda-de-178-mas-tem-melhor-trimestre-desde-2003-dolar-sobe-356-no-ano/,30,jun,2020
2721,www.infomoney.com.br/mercados/petrobras-diz-querer-chegar-a-acordo-com-a-anp-sobre-tarifa-de-gas-natural/,30,jun,2020
2727,www.infomoney.com.br/economia/setor-publico-tem-em-maio-o-maior-rombo-fiscal-da-serie-historica-diz-bc/,30,jun,2020
2736,www.infomoney.com.br/mercados/acao-do-irb-cai-apos-resultado-enquanto-ecorodovias-sobe-petrobras-tem-baixa-seguindo-petroleo/,30,jun,2020
2737,www.infomoney.com.br/mercados/ibovespa-cai-com-preocupacoes-sobre-o-coronavirus-ofuscando-dados-de-eua-e-china-dolar-sobe-a-r-547/,30,jun,2020
2743,www.infomoney.com.br/mercados/ibovespa-futuro-cai-com-preocupacoes-sobre-o-coronavirus-se-sobrepondo-a-dados-fortes-de-eua-e-china-dolar-sobe/,30,jun,2020
2746,www.infomoney.com.br/mercados/petrobras-estende-home-office-e-mais-2-noticias-da-estatal-balancos-possivel-oferta-da-panvel-e-outros-destaques/,30,jun,2020
2749,www.infomoney.com.br/mercados/os-5-assuntos-que-vao-movimentar-o-mercado-nesta-terca-feira-300620/,30,jun,2020
2758,www.infomoney.com.br/mercados/ibovespa-fecha-em-alta-de-2-com-dados-dos-eua-e-expectativa-de-vacina-ofuscando-oms-dolar-cai-a-r-542/,29,jun,2020
2776,www.infomoney.com.br/mercados/acao-do-irb-sobe-forte-no-dia-da-divulgacao-de-resultados-sabesp-avanca-apos-2-fortes-baixas/,29,jun,2020
2778,www.infomoney.com.br/mercados/ibovespa-sobe-em-recuperacao-a-queda-de-sexta-e-com-expectativa-por-vacina-dolar-cai-a-r-542/,29,jun,2020
2781,www.infomoney.com.br/mercados/ibovespa-futuro-sobe-em-recuperacao-apos-a-forte-queda-da-sexta-dolar-cai-a-r-542/,29,jun,2020
2783,www.infomoney.com.br/mercados/petrobras-inicia-venda-de-concessoes-em-solimoes-unidade-da-jbs-tem-venda-para-china-suspensa-e-mais-destaques/,29,jun,2020
2785,www.infomoney.com.br/mercados/os-5-assuntos-que-vao-movimentar-o-mercado-nesta-segunda-feira-290620/,29,jun,2020
2822,www.infomoney.com.br/mercados/acao-do-irb-sobe-ate-8-apos-conclusao-de-investigacao-exportadoras-avancam-com-alta-do-dolar-e-bancos-caem/,26,jun,2020
2834,www.infomoney.com.br/mercados/petrobras-inicia-producao-em-atapu-carrefour-recebe-autorizacao-para-banco-multiplo-taurus-renegocia-divida-e-mais/,26,jun,2020
2901,www.infomoney.com.br/mercados/acoes-da-cielo-caem-9-apos-bc-e-cade-barrarem-pagamento-por-whatsapp-irb-sobe-apos-assembleia/,24,jun,2020
2939,www.infomoney.com.br/mercados/acoes-de-vale-e-petrobras-sobem-com-alivio-no-exterior-irb-segue-em-alta-em-dia-de-assembleia-e-varejistas-caem-com-recomendacoes/,23,jun,2020
2977,www.infomoney.com.br/mercados/recomendacoes-levam-a-alta-de-acao-da-sabesp-e-queda-de-gerdau-e-csn-vale-e-petrobras-caem-com-commodities/,22,jun,2020
2996,www.infomoney.com.br/onde-investir/investimentos-em-saude-do-fundo-de-pensao-da-caixa-se-sobressaem-na-pandemia/,21,jun,2020
3028,https://www.infomoney.com.br/stock-pickers/petrobras-eletrobras-e-lojas-americanas-as-acoes-favoritas-da-gestora-navi/,19,jun,2020
3033,www.infomoney.com.br/mercados/acao-da-cvc-sobe-5-com-previsao-de-retomada-bb-seguridade-avanca-com-recomendacao-e-petrobras-tem-alta-com-petroleo/,19,jun,2020
3039,www.infomoney.com.br/mercados/oi-tem-rating-cortado-a-cc-pela-sp-usiminas-e-elevada-pelo-bbi-localiza-recomprara-acoes-e-mais-noticias/,19,jun,2020
3049,www.infomoney.com.br/mercados/ibovespa-fecha-em-alta-de-06-na-contramao-de-wall-street-gracas-a-itau-e-petrobras-dolar-sobe-a-r-537/,18,jun,2020
3067,www.infomoney.com.br/mercados/acao-da-cielo-tem-nova-alta-e-sobe-mais-de-20-em-4-pregoes-eletrobras-cai-apos-disparada-da-vespera/,18,jun,2020
3069,www.infomoney.com.br/mercados/ibovespa-cai-com-temor-de-2a-onda-da-covid-e-prisao-de-queiroz-enquanto-mercado-digere-bateria-de-dados-dolar-sobe-a-r-536/,18,jun,2020
3076,www.infomoney.com.br/mercados/ibovespa-futuro-cai-com-correcao-e-temor-de-2a-onda-da-covid-enquanto-investidores-digerem-copom-e-prisao-de-queiroz/,18,jun,2020
3079,www.infomoney.com.br/mercados/vale-e-autorizada-a-retomar-operacoes-em-itabira-csn-reajusta-precos-pao-de-acucar-vende-3-lojas-e-mais-noticias/,18,jun,2020
3080,www.infomoney.com.br/politica/policia-federal-deflagra-71a-fase-da-lava-jato-em-operacao-que-investiga-area-de-trading-da-petrobras/,18,jun,2020
3082,www.infomoney.com.br/mercados/os-5-assuntos-que-vao-movimentar-o-mercado-nesta-quinta-feira-180620/,18,jun,2020
3112,www.infomoney.com.br/mercados/acao-da-eletrobras-sobe-7-com-noticia-de-que-guedes-quer-privatizacao-ainda-em-2020-cielo-cai-apos-duas-fortes-altas/,17,jun,2020
3117,www.infomoney.com.br/minhas-financas/confira-o-cnpj-das-acoes-negociadas-em-bolsa-e-saiba-como-declarar-no-imposto-de-renda/,17,jun,2020
3124,www.infomoney.com.br/mercados/helbor-reverte-prejuizo-e-lucra-r-54-mi-no-1o-tri-aes-negocia-bloco-de-acoes-do-bndes-na-tiete-e-mais-noticias/,17,jun,2020
3151,www.infomoney.com.br/mercados/entre-temores-de-2a-onda-e-animo-com-estimulos-na-bolsa-quais-acoes-estao-chamando-a-atencao-dos-analistas/,16,jun,2020
3159,www.infomoney.com.br/mercados/acao-da-embraer-salta-7-apos-emprestimo-do-bndes-enquanto-aereas-avancam-forte-petrobras-sobe-5-com-petroleo/,16,jun,2020
3170,www.infomoney.com.br/mercados/via-varejo-capta-r-445-bi-em-follow-on-justica-exige-que-irb-comprove-que-tem-r-1-bilhao-e-mais-noticias/,16,jun,2020
3193,www.infomoney.com.br/mercados/acao-da-cielo-salta-mais-de-15-apos-acordo-com-facebook-petrobras-cai-forte-com-petroleo-e-aereas-tem-baixa-de-ate-10/,15,jun,2020
3206,www.infomoney.com.br/mercados/justica-suspende-operacoes-da-jbs-em-trindade-do-sul-mudancas-nos-conselhos-de-ccr-e-cogna-e-mais-noticias/,15,jun,2020
3218,www.infomoney.com.br/onde-investir/petros-defende-aguentar-a-volatilidade-em-nome-do-retorno-esperado-para-a-bolsa-em-2021/,13,jun,2020
3244,www.infomoney.com.br/mercados/acao-da-petrobras-cai-3-apos-derrocada-do-petroleo-na-vespera-azul-recua-6-e-apenas-suzano-sobe-no-ibovespa/,12,jun,2020
3258,www.infomoney.com.br/mercados/indice-de-adrs-brazil-titans-cai-87-nos-eua-e-sinaliza-volta-de-feriado-tumultuada-na-b3/,11,jun,2020
3259,www.infomoney.com.br/mercados/br-distribuidora-volume-de-venda-de-diesel-esta-sendo-retomado/,11,jun,2020
3263,www.infomoney.com.br/mercados/indice-de-adrs-brazil-titans-20-abre-em-queda-de-mais-de-6-nos-eua/,11,jun,2020
3294,www.infomoney.com.br/mercados/acao-da-petrobras-cai-mais-de-1-seguindo-petroleo-braskem-sobe-com-novo-acordo-com-petroleira/,10,jun,2020
3304,www.infomoney.com.br/mercados/demanda-por-voos-da-azul-sobe-516-santander-brasil-nega-planos-para-demitir-20-dos-funcionarios-e-mais-noticias/,10,jun,2020
3333,www.infomoney.com.br/mercados/acoes-de-azul-e-gol-chegam-a-ter-forte-queda-mas-amenizam-frigorificos-sobem-com-recomendacoes-e-petrobras-cai-3/,9,jun,2020
3341,www.infomoney.com.br/mercados/csn-renegocia-dividas-de-r-300-mi-com-a-caixa-via-varejo-aprova-raphael-klein-como-presidente-do-conselho-e-mais/,9,jun,2020
3351,www.infomoney.com.br/mercados/furto-de-combustiveis-em-dutos-caiu-31-em-um-ano-diz-petrobras/,8,jun,2020
3352,www.infomoney.com.br/mercados/ibovespa-sobe-32-e-tem-a-setima-alta-consecutiva-com-otimismo-global-dolar-cai-para-minima-em-3-meses/,8,jun,2020
3355,www.infomoney.com.br/onde-investir/os-melhores-fundos-de-acoes-e-multimercados-em-maio-e-em-12-meses/,8,jun,2020
3362,www.infomoney.com.br/mercados/petrobras-confirma-alta-de-10-no-preco-da-gasolina-diesel-fica-inalterado/,8,jun,2020
3371,www.infomoney.com.br/mercados/acoes-de-azul-e-gol-saltam-ate-14-com-otimismo-sobre-reabertura-dos-paises-vale-avanca-com-alta-do-minerio-compensando-operacao-fechada/,8,jun,2020
3373,www.infomoney.com.br/mercados/ibovespa-estende-ganhos-da-semana-passada-com-otimismo-pela-recuperacao-economica-global-dolar-cai-a-r-497/,8,jun,2020
3383,www.infomoney.com.br/mercados/ibovespa-futuro-sobe-com-continuidade-do-otimismo-pela-recuperacao-economica-global-dolar-cai-a-r-493/,8,jun,2020
3388,www.infomoney.com.br/mercados/justica-interdita-minas-da-vale-em-itabira-petrobras-bate-recorde-de-exportacao-de-oleo-combustivel-e-mais-noticias/,8,jun,2020
3391,www.infomoney.com.br/mercados/os-5-assuntos-que-vao-movimentar-o-mercado-nesta-segunda-feira-080620/,8,jun,2020
3406,www.infomoney.com.br/onde-investir/luiz-alves-investidor-deve-esperar-alguma-realizacao-mas-bolsa-ainda-esta-ridiculamente-barata/,6,jun,2020
3410,www.infomoney.com.br/mercados/petrobras-exporta-111-milhao-de-toneladas-de-oleo-combustivel-e-bate-novo-recorde/,5,jun,2020
3430,www.infomoney.com.br/mercados/acao-da-yduqs-salta-ate-14-com-aquisicao-azul-gol-e-cvc-disparam-e-bancos-sobem-ate-8/,5,jun,2020
3438,www.infomoney.com.br/mercados/centauro-capta-r-900-mi-em-oferta-de-acoes-dona-da-le-lis-blanc-firma-acordo-para-recuperacao-extrajudicial-e-mais/,5,jun,2020
3452,www.infomoney.com.br/mercados/com-vinda-de-navios-tanque-petrobras-eleva-capacidade-de-escoamento-do-pre-sal/,4,jun,2020
3458,www.infomoney.com.br/mercados/home-office-pos-coronavirus-pode-reduzir-consumo-de-combustiveis-qual-o-impacto-para-a-petrobras/,4,jun,2020
3468,www.infomoney.com.br/mercados/acao-do-irb-tem-nova-alta-apos-salto-de-25-da-vespera-petrobras-cai-seguindo-petroleo-e-via-varejo-sobe-3/,4,jun,2020
3475,www.infomoney.com.br/mercados/via-varejo-aprova-oferta-de-acoes-que-pode-captar-ate-r-4-bi-petrobras-reajusta-preco-do-gas-e-mais-noticias/,4,jun,2020
3481,www.infomoney.com.br/onde-investir/marcio-appel-comprado-em-bolsa-com-petrobras-e-vale-gestor-ve-risco-inflacionario-no-horizonte/,3,jun,2020
3500,www.infomoney.com.br/mercados/os-estrategistas-que-estao-otimistas-com-uma-das-ainda-piores-bolsas-do-mundo-em-2020-a-brasileira/,3,jun,2020
3507,www.infomoney.com.br/mercados/acoes-de-cvc-gol-e-azul-tem-novo-salto-com-otimismo-sobre-reabertura-bancos-avancam-ate-6-e-braskem-tem-leve-baixa/,3,jun,2020
3535,www.infomoney.com.br/mercados/ibovespa-sobe-27-e-volta-a-niveis-pre-quarentena-com-alivio-politico-e-reabertura-economica-dolar-cai-3-e-vai-a-r-521/,2,jun,2020
3544,https://www.infomoney.com.br/stock-pickers/longo-prazo-no-brasil-esta-estranho-mas-temos-uma-grande-oportunidade-a-frente-diz-estrategista-da-safari/,2,jun,2020
3548,www.infomoney.com.br/onde-investir/as-acoes-preferidas-dos-analistas-para-comprar-em-junho/,2,jun,2020
3552,www.infomoney.com.br/mercados/acao-da-cvc-chega-a-saltar-mais-de-10-ultrapar-sobe-forte-enquanto-papeis-de-shoppings-caem-com-recomendacoes/,2,jun,2020
3554,www.infomoney.com.br/mercados/ibovespa-sobe-com-reabertura-e-alta-do-petroleo-dolar-cai-em-meio-a-atuacao-do-bc-e-alivio-politico/,2,jun,2020
3559,www.infomoney.com.br/mercados/ibovespa-futuro-sobe-com-petroleo-e-perspectivas-de-reabertura-das-economias-dolar-cai-a-r-533/,2,jun,2020
3562,www.infomoney.com.br/mercados/ceo-diz-que-petrobras-tem-liquidez-suficiente-para-petroleo-a-us-20-recomendacoes-e-mais-destaques/,2,jun,2020
3563,www.infomoney.com.br/mercados/os-5-assuntos-que-vao-movimentar-o-mercado-nesta-terca-feira-020620/,2,jun,2020
3573,www.infomoney.com.br/mercados/ibovespa-sobe-forte-puxado-por-bancos-e-ganha-impulso-de-wall-street-na-reta-final-dolar-avanca-a-r-538/,1,jun,2020
3593,www.infomoney.com.br/mercados/acoes-de-embraer-gol-e-azul-sobem-forte-bancos-buscam-alta-apos-fala-de-maia-e-b2w-cai/,1,jun,2020
3597,www.infomoney.com.br/mercados/ibovespa-tem-leve-queda-seguindo-incerteza-global-com-manifestacoes-e-tensao-entre-eua-e-china-dolar-sobe-a-r-537/,1,jun,2020
3602,www.infomoney.com.br/mercados/ibovespa-futuro-tem-leve-queda-em-meio-a-aumento-da-tensao-politica-no-mundo-dolar-opera-estavel/,1,jun,2020
3604,www.infomoney.com.br/mercados/embraer-tem-prejuizo-de-r-128-bi-e-latam-tem-resultado-negativo-de-us-21-bi-b2w-e-magalu-rebaixadas-por-bbi-e-mais/,1,jun,2020
3606,www.infomoney.com.br/mercados/os-5-assuntos-que-vao-movimentar-o-mercado-nesta-segunda-feira-010620/,1,jun,2020
3630,www.infomoney.com.br/mercados/petrobras-recuperacao-do-petroleo-pode-reacender-o-risco-politico-para-a-estatal/,29,maio,202
3648,www.infomoney.com.br/mercados/acoes-de-vale-e-csn-sobem-forte-com-minerio-a-us-100-hering-marisa-e-mrv-caem-apos-balancos/,29,maio,202
3658,www.infomoney.com.br/mercados/lucro-da-mrv-cai-45-prejuizo-da-marisa-dispara-e-hering-lucra-89-menos-jbs-e-mais-destaques-no-radar/,29,maio,202
3660,www.infomoney.com.br/politica/bolsonaro-estamos-buscando-privatizar-muita-coisa-mas-nao-e-facil/,29,maio,202
3671,www.infomoney.com.br/mercados/ibovespa-fecha-em-queda-de-113-com-aumento-das-tensoes-entre-eua-e-china-dolar-tem-primeira-alta-em-7-pregoes/,28,maio,202
3694,www.infomoney.com.br/mercados/acoes-de-bancos-e-petrobras-tem-queda-ca-sobe-apos-resultado-e-via-varejo-avanca-4/,28,maio,202
3695,www.infomoney.com.br/mercados/ibovespa-tem-leve-queda-apos-sequencia-de-altas-e-com-investidores-monitorando-cenario-politico-dolar-sobe-a-r-532/,28,maio,202
3701,www.infomoney.com.br/mercados/ibovespa-futuro-cai-com-correcao-apesar-de-bom-humor-no-mercado-internacional-dolar-futuro-sobe-a-r-531/,28,maio,202
3704,www.infomoney.com.br/mercados/irb-propoe-ex-ministra-do-stf-para-conselho-e-mudancas-em-estatuto-prejuizo-de-r-55-mi-da-ca-e-mais-resultados/,28,maio,202
3706,www.infomoney.com.br/mercados/petrobras-confirma-emissao-de-titulos-no-exterior-no-valor-total-de-us-325-bi/,28,maio,202
3709,www.infomoney.com.br/mercados/os-5-assuntos-que-vao-movimentar-o-mercado-nesta-quinta-feira-280520/,28,maio,202
3724,www.infomoney.com.br/mercados/esperanca-por-privatizacao-faz-acoes-de-copasa-e-banco-do-brasil-dispararem-mas-qual-a-chance-disso-acontecer/,27,maio,202
3740,www.infomoney.com.br/mercados/acao-da-copasa-salta-ate-14-e-entra-em-leilao-com-estudos-para-privatizacao-marfrig-avanca-5-com-joint-venture/,27,maio,202
3751,www.infomoney.com.br/mercados/governo-de-minas-da-um-passo-para-privatizar-copasa-balanco-do-iguatemi-e-mais-noticias/,27,maio,202
3758,www.infomoney.com.br/mercados/ceo-da-petrorio-comenta-resultados-do-1o-trimestre-e-fala-sobre-futuro-da-companhia/,26,maio,202
3768,www.infomoney.com.br/mercados/petrobras-anuncia-alta-de-5-no-preco-da-gasolina-e-de-7-no-diesel-na-refinaria/,26,maio,202
3784,www.infomoney.com.br/mercados/acao-do-magazine-luiza-chega-a-saltar-mais-de-7-apos-resultado-ccr-e-ecorodovias-disparam-com-recomendacao/,26,maio,202
3819,www.infomoney.com.br/mercados/acoes-de-petrobras-e-bancos-sobem-forte-em-dia-de-animo-no-mercado-exportadoras-tem-pior-desempenho/,25,maio,202
3832,www.infomoney.com.br/mercados/csn-conclui-negociacao-de-vencimento-de-divida-de-r-14-bi-com-bb-dados-de-trafego-da-ccr-e-mais-noticias/,25,maio,202
3882,www.infomoney.com.br/mercados/acoes-de-renner-guararapes-e-cogna-caem-ate-8-apos-resultados-fracos-petrobras-tem-forte-baixa-com-petroleo-interrompendo-rali/,22,maio,202
3910,https://www.infomoney.com.br/stock-pickers/petrobras-versus-vale-e-aquela-velha-ameaca-sobre-b3/,21,maio,202
3913,www.infomoney.com.br/mercados/ibovespa-sobe-21-com-alinhamento-do-governo-para-barrar-reajuste-de-servidores-dolar-cai-a-r-558/,21,maio,202
3923,www.infomoney.com.br/onde-investir/as-apostas-de-gestores-de-fundos-de-previdencia-na-crise-confira-os-melhores/,21,maio,202
3933,www.infomoney.com.br/mercados/acao-da-cyrela-salta-mais-de-7-com-recomendacao-e-exportadoras-caem-com-dolar-petrobras-e-bancos-sobem/,21,maio,202
3938,www.infomoney.com.br/mercados/ibovespa-sobe-em-meio-a-dados-economicos-e-ignora-tensao-entre-eua-e-china-dolar-recua-a-r-563-com-fala-de-campos-neto/,21,maio,202
4034,www.infomoney.com.br/-/gigantes-do-petroleo-enfrentam-o-desafio-da-adaptacao-a-economia-verde/,1,set,2020
4041,www.infomoney.com.br/-/camara-poe-em-votacao-novo-marco-para-setor-de-gas/,1,set,2020
4044,www.infomoney.com.br/-/setor-publico-tem-deficit-primario-de-r-81071-bilhoes-em-julho-revela-bc/,31,ago,2020
4147,www.infomoney.com.br/-/bndes-registra-prejuizo-contabil-de-r-582-milhoes-no-2o-trimestre/,14,ago,2020
4222,www.infomoney.com.br/-/gasolina-tera-alta-de-qualidade-obrigatoria-a-partir-desta-segunda-confira-o-que-muda/,3,ago,2020
4228,www.infomoney.com.br/-/setor-publico-tem-em-junho-deficit-primario-de-r-188682-bi-o-maior-da-serie/,31,jul,2020
4263,www.infomoney.com.br/-/banco-do-brics-investe-em-sustentabilidade/,24,jul,2020
4340,www.infomoney.com.br/-/aumento-de-tributos-nao-pode-ser-tabu-diz-economista-chefe-do-itau/,9,jul,2020
4397,www.infomoney.com.br/-/setor-publico-tem-em-maio-o-maior-rombo-fiscal-da-serie-historica-diz-bc/,30,jun,2020
4765,www.infomoney.com.br/colunistas/convidados/teto-de-gastos-e-impostos-as-escolhas-dificeis-mas-inevitaveis-que-teremos-de-fazer/,12,maio,202
4799,www.infomoney.com.br/mercados/ata-do-copom-resultados-previa-do-pib-e-tensao-eua-china-o-que-acompanhar-na-proxima-semana/,8,maio,2020
4864,www.infomoney.com.br/-/fecombustiveis-critica-alta-da-gasolina-e-sugere-zerar-pis-confins-do-etanol/,4,maio,2020
4951,www.infomoney.com.br/mercados/tensao-politica-fomc-pib-dos-eua-e-resultados-o-que-acompanhar-na-proxima-semana/,24,abr,2020
4988,www.infomoney.com.br/mercados/os-fatores-tecnicos-que-fizeram-o-petroleo-wti-de-maio-desabar-300-e-o-que-esperar-a-partir-de-agora/,21,abr,2020
5000,www.infomoney.com.br/-/gasolina-fica-8-mais-barata-nas-refinarias-a-partir-desta-terca-feira-diesel-cai-4/,20,abr,2020
5019,www.infomoney.com.br/mercados/nao-havera-demissao-em-massa-diz-presidente-da-petrobras/,17,abr,2020
5021,www.infomoney.com.br/mercados/corte-de-200-mil-barris-de-petroleo-por-dia-esta-se-mostrando-viavel-diz-petrobras/,17,abr,2020
5024,www.infomoney.com.br/colunistas/felippe-hermes/a-oportunidade-do-brasil-no-pos-pandemia/,17,abr,2020
5046,www.infomoney.com.br/mercados/castello-branco-nao-acredito-que-a-opep-tenha-poder-para-determinacao-de-preco/,16,abr,2020
5070,www.infomoney.com.br/colunistas/alexandre-schwartsman/a-sorte-esta-lancada/,15,abr,2020
5085,www.infomoney.com.br/mercados/petrobras-reduz-preco-da-gasolina-em-8-e-do-diesel-em-6-a-partir-do-dia-15/,14,abr,2020
5103,www.infomoney.com.br/mercados/acordo-da-opep-foi-historico-mas-por-que-analistas-seguem-ceticos-com-o-mercado-de-petroleo/,13,abr,2020
5133,www.infomoney.com.br/colunistas/ifl-instituto-de-formacao-de-lideres/otimizacao-gestao-e-privatizacao/,9,abr,2020
5144,www.infomoney.com.br/-/inflacao-medida-pelo-ipca-sobe-007-em-marco-menor-valor-para-o-mes-desde-o-inicio-do-plano-real/,9,abr,2020
5195,www.infomoney.com.br/colunistas/felippe-hermes/os-bilhoes-que-o-governo-mantem-em-caixa-e-sem-uso/,6,abr,2020
5247,www.infomoney.com.br/mercados/corte-de-producao-em-15-mi-de-barris-seria-noticia-fantastica-para-o-mercado-de-petroleo-diz-bradesco-bbi/,2,abr,2020
5263,https://www.infomoney.com.br/negocios/as-empresas-mais-lucrativas-da-bolsa-brasileira-em-2019-e-os-maiores-prejuizos/,1,abr,2020
5283,www.infomoney.com.br/colunistas/felippe-hermes/nao-ha-pontos-positivos-na-ditadura-nem-mesmo-a-economia-no-periodo/,31,mar,2020
5355,www.infomoney.com.br/-/empresas-anunciam-doacoes-para-combate-a-pandemia-de-coronavirus-no-brasil-conheca-as-iniciativas/,27,mar,2020
5371,www.infomoney.com.br/mercados/petrobras-anuncia-nova-queda-dos-precos-nas-refinarias-para-gasolina-e-diesel/,27,mar,2020
5389,www.infomoney.com.br/mercados/crise-no-setor-de-petroleo-pode-ser-a-pior-em-100-anos-diz-presidente-da-petrobras/,26,mar,2020
5391,www.infomoney.com.br/mercados/um-mes-do-primeiro-caso-de-coronavirus-no-brasil-o-que-mudou-para-o-mercado-desde-entao/,26,mar,2020
5421,www.infomoney.com.br/-/ministerio-da-saude-promete-229-milhoes-de-testes-do-novo-coronavirus/,24,mar,2020
5440,www.infomoney.com.br/-/petrobras-doara-600-mil-kits-ao-sus-para-teste-de-covid-19-importado-dos-eua/,23,mar,2020
5554,www.infomoney.com.br/colunistas/ifl-instituto-de-formacao-de-lideres/a-logica-do-cisne-negro-e-o-coronavirus/,16,mar,2020
5594,www.infomoney.com.br/mercados/petrobras-reduz-precos-da-gasolina-em-95-e-do-diesel-em-65-em-meio-a-forte-queda-do-petroleo/,12,mar,2020
5630,www.infomoney.com.br/-/bolsonaro-nao-existe-possibilidade-de-aumentar-cide-e-combustivel-deve-baratear/,9,mar,2020
5632,www.infomoney.com.br/minhas-financas/gasolina-mais-barata-queda-no-preco-do-petroleo-pode-impactar-seu-bolso/,9,mar,2020
5637,www.infomoney.com.br/mercados/petroleo-pode-cair-para-ate-us-20-o-barril-em-meio-a-guerra-de-precos-projetam-analistas/,9,mar,2020
5726,www.infomoney.com.br/mercados/coronavirus-faz-empresas-exportadoras-perderem-r-48-bi-em-valor-de-mercado/,23,fev,2020
5729,https://www.infomoney.com.br/negocios/para-brigar-com-gigantes-rede-ale-vai-atras-de-postos-sem-bandeira/,22,fev,2020
5747,www.infomoney.com.br/mercados/sindicatos-vao-indicar-a-petroleiros-suspensao-temporaria-de-greve-na-petrobras/,20,fev,2020
5757,www.infomoney.com.br/-/trt-suspende-demissoes-na-fabrica-de-fertilizantes-da-petrobras-ate-6-de-marco/,19,fev,2020
5763,www.infomoney.com.br/mercados/caixa-bb-e-petrobras-nao-estao-dentro-de-mandato-para-privatizacao-diz-mattar/,18,fev,2020
5766,www.infomoney.com.br/mercados/petroleiros-indicam-continuacao-da-greve-apos-tst-considerar-movimento-ilegal/,18,fev,2020
5778,www.infomoney.com.br/mercados/coronavirus-dolar-e-temporada-de-resultados-o-que-acompanhar-na-proxima-semana/,14,fev,2020
5809,www.infomoney.com.br/-/coronavirus-na-china-faz-despencar-cotacoes-de-commodities-brasileiras/,10,fev,2020
5818,www.infomoney.com.br/mercados/os-tres-temas-que-o-investidor-precisa-acompanhar-na-proxima-semana/,7,fev,2020
5829,www.infomoney.com.br/colunistas/pedro-menezes/suposta-pedalada-de-guedes-e-fake-news-de-jornalistas-e-artistas/,6,fev,2020
5858,www.infomoney.com.br/politica/pais-tem-reputacao-muito-ruim-no-meio-ambiente-diz-christopher-garman/,3,fev,2020
5862,www.infomoney.com.br/-/bolsonaro-propoe-mudar-icms-de-diesel-e-gasolina-para-corte-de-preco-chegar-ao-consumidor/,3,fev,2020
5871,www.infomoney.com.br/mercados/volta-da-bolsa-da-china-copom-e-megaoferta-de-acoes-da-petrobras-o-que-acompanhar-na-proxima-semana/,31,jan,2020
5872,www.infomoney.com.br/-/contas-publicas-tem-deficit-primario-de-r-61872-bilhoes-em-2019/,31,jan,2020
5908,www.infomoney.com.br/politica/bolsonaro-e-tudo-menos-liberal-afirma-professora-de-universidade-em-chicago/,27,jan,2020
5913,www.infomoney.com.br/-/presidente-da-petrobras-fica-sem-luz-e-reclama-para-principal-executivo-da-enel/,26,jan,2020
5941,www.infomoney.com.br/-/bndes-vai-repassar-r-15-bilhoes-em-dividendos-para-a-uniao/,22,jan,2020
5944,www.infomoney.com.br/-/tabela-do-frete-agrava-distorcoes-no-transporte-de-carga-e-afeta-precos-diz-cni/,22,jan,2020
5970,www.infomoney.com.br/mercados/governo-quer-arrecadar-ate-r-4-bi-com-venda-de-acoes-que-nem-sabia-que-tinha/,19,jan,2020
5992,www.infomoney.com.br/mercados/os-5-assuntos-que-vao-movimentar-o-mercado-nesta-quinta-feira-160120/,16,jan,2020
6008,www.infomoney.com.br/mercados/com-eletrobras-como-prioridade-governo-quer-arrecadar-r-150-bi-com-privatizacoes-em-2020/,14,jan,2020
6033,www.infomoney.com.br/-/apos-tres-anos-brasil-volta-a-rota-de-investimento-dos-chineses/,13,jan,2020
6048,www.infomoney.com.br/-/operacao-greenfield-denuncia-29-ex-gestores-de-fundos-de-pensao/,9,jan,2020
6064,www.infomoney.com.br/colunistas/alexandre-schwartsman/projeto-de-nacao-e-o-conto-da-fiesp/,8,jan,2020
6081,www.infomoney.com.br/-/governo-avalia-compensar-alta-de-combustiveis/,7,jan,2020
6094,www.infomoney.com.br/-/bolsonaro-sugere-compensar-alta-do-petroleo-com-reducao-de-icms/,4,jan,2020
6098,www.infomoney.com.br/-/ataque-de-trump-ao-ira-vai-impactar-no-preco-do-combustivel-afirma-bolsonaro/,3,jan,2020
6099,www.infomoney.com.br/-/como-a-morte-de-alto-comandante-do-ira-elevou-as-tensoes-e-interrompeu-o-forte-animo-das-bolsas-pelo-mundo/,3,jan,2020
6114,www.infomoney.com.br/-/setor-publico-tem-deficit-primario-de-r-15312-bilhoes-em-novembro/,30,dez,2019
6185,www.infomoney.com.br/-/bolsonaro-culpa-monopolio-e-icms-por-preco-de-combustivel/,17,dez,2019
6239,www.infomoney.com.br/-/guedes-reindustrializacao-do-brasil-sera-feita-em-cima-do-gas-natural-barato/,7,dez,2019
6269,www.infomoney.com.br/mercados/os-5-assuntos-que-vao-movimentar-o-mercado-nesta-quarta-feira-041219/,4,dez,2019
6278,www.infomoney.com.br/mercados/os-5-assuntos-que-vao-movimentar-o-mercado-nesta-terca-feira-031219/,3,dez,2019
6300,www.infomoney.com.br/mercados/pib-inflacao-e-dolar-nas-alturas-o-que-acompanhar-na-proxima-semana/,29,nov,2019
6308,www.infomoney.com.br/-/contas-publicas-tem-saldo-positivo-de-r-94-bilhoes-em-outubro/,29,nov,2019
6312,www.infomoney.com.br/-/mansueto-diz-que-havera-liberacao-bastante-robusta-de-recursos-do-orcamento/,28,nov,2019
6327,www.infomoney.com.br/mercados/sindicato-dos-petroleiros-anuncia-fim-da-greve-na-petrobras/,27,nov,2019
6329,www.infomoney.com.br/-/petroleiros-avaliam-se-mantem-a-paralisacao-grevistas-sao-acompanhados-de-perto-pelo-governo/,27,nov,2019
6333,www.infomoney.com.br/-/paulo-guedes-e-bom-se-acostumar-com-juros-mais-baixos-e-cambio-mais-alto-por-um-bom-tempo/,26,nov,2019
6343,www.infomoney.com.br/mercados/os-5-assuntos-que-vao-movimentar-o-mercado-nesta-segunda-feira-251119/,25,nov,2019
6365,www.infomoney.com.br/-/so-impedimos-a-explosao-por-que-nao-podemos-parar-a-agenda-de-reformas-na-previdencia-segundo-zeina-tafner-e-pedro-jobim/,22,nov,2019
6372,www.infomoney.com.br/mercados/os-5-assuntos-que-vao-movimentar-o-mercado-nesta-quinta-feira-211119/,21,nov,2019
6379,www.infomoney.com.br/politica/governo-oficializa-descontingenciamento-de-quase-r-14-bi-do-orcamento-de-2019/,18,nov,2019
6380,www.infomoney.com.br/mercados/fracasso-da-aramco-em-atrair-estrangeiros-torna-ipo-evento-local/,18,nov,2019
6387,www.infomoney.com.br/mercados/os-5-assuntos-que-vao-movimentar-o-mercado-nesta-segunda-feira-181119/,18,nov,2019
6395,www.infomoney.com.br/mercados/economia-brasileira-pode-crescer-ate-5-com-reformas-diz-schroders/,17,nov,2019
6400,www.infomoney.com.br/colunistas/economia-e-politica-direto-ao-ponto/risco-institucional-como-esse-stf-pode-prejudicar-a-economia/,15,nov,2019
6410,www.infomoney.com.br/mercados/turbulencia-na-america-do-sul-ipca-15-e-ata-do-fomc-o-que-acompanhar-na-proxima-semana/,14,nov,2019
6414,www.infomoney.com.br/-/fitch-reafirma-rating-do-brasil-em-bb-com-perspectiva-estavel-3/,14,nov,2019
6431,www.infomoney.com.br/mercados/venda-de-r-6964-bi-em-ntn-b-turbinou-lucro-de-r-8-bi-da-caixa-no-3o-trimestre/,12,nov,2019
6452,www.infomoney.com.br/colunistas/pedro-menezes/por-que-o-megaleilao-do-pre-sal-nao-atraiu-investidores/,7,nov,2019
6453,www.infomoney.com.br/-/grandes-petroleiras-dao-recado-claro-ao-governo-e-acionam-gatilho-para-grandes-mudancas-nas-regras-dos-leiloes/,7,nov,2019
6454,www.infomoney.com.br/-/regime-de-partilha-e-ruim-e-uma-heranca-institucional-ruim-diz-guedes/,7,nov,2019
6456,www.infomoney.com.br/politica/bolsonaro-volta-a-dizer-que-megaleilao-do-pre-sal-agradou-o-governo/,7,nov,2019
6458,www.infomoney.com.br/mercados/anp-faz-3o-leilao-do-ano-e-pode-arrecadar-r-78-bi-em-bonus-acompanhe-ao-vivo/,7,nov,2019
6467,www.infomoney.com.br/-/comeca-megaleilao-da-cessao-onerosa-acompanhe-ao-vivo/,6,nov,2019
6469,www.infomoney.com.br/mercados/cvm-multa-nelson-tanure-em-r-1302-milhoes-por-abuso-de-poder-de-controle/,5,nov,2019
6475,www.infomoney.com.br/mercados/petroleiros-pedem-a-justica-que-suspenda-o-megaleilao-do-pre-sal/,4,nov,2019
6484,www.infomoney.com.br/mercados/novo-horario-da-b3-leilao-da-cessao-onerosa-e-ata-do-copom-o-que-voce-precisa-acompanhar-na-proxima-semana/,1,nov,2019
6486,www.infomoney.com.br/-/nossas-concepcoes-jamais-seriam-de-usar-carteis-diz-guedes-sobre-opep/,1,nov,2019
6488,www.infomoney.com.br/mercados/apropriacao-dos-recursos-de-petroleo-e-gas-tera-uma-dimensao-social-diz-guedes/,1,nov,2019
6525,www.infomoney.com.br/mercados/projeto-de-privatizacao-da-eletrobras-esta-pronto-diz-ministro/,28,out,2019
6531,www.infomoney.com.br/colunistas/alexandre-schwartsman/um-ano-depois/,28,out,2019
6536,www.infomoney.com.br/-/fup-suspende-greve-dos-petroleiros-com-indicativo-de-aceitacao-da-proposta-do-tst/,25,out,2019
6538,www.infomoney.com.br/-/bolsonaro-e-xi-jinping-assinam-acordos-entre-brasil-e-china/,25,out,2019
6553,www.infomoney.com.br/mercados/os-5-assuntos-que-vao-movimentar-o-mercado-nesta-quinta-feira-241019/,24,out,2019
6574,www.infomoney.com.br/-/leilao-de-cessao-onerosa-deve-levantar-ao-menos-us-50-bilhoes/,21,out,2019
6592,www.infomoney.com.br/mercados/resultados-votacao-da-previdencia-e-brexit-o-que-voce-precisa-acompanhar-na-proxima-semana/,18,out,2019
6621,www.infomoney.com.br/colunistas/jose-carlos-carvalho/crescimento-global-morno-e-bom-para-emergentes/,16,out,2019
6622,www.infomoney.com.br/mercados/disputa-no-bndes-inviabiliza-meta-de-venda-de-r-30-bi-em-acoes-este-ano/,16,out,2019
6627,www.infomoney.com.br/-/senado-aprova-projeto-de-lei-da-cessao-onerosa-texto-vai-a-sancao-presidencial/,16,out,2019
6632,www.infomoney.com.br/mercados/os-5-assuntos-que-vao-movimentar-o-mercado-nesta-terca-feira-151019/,15,out,2019
6633,www.infomoney.com.br/-/economia-anuncia-liberacao-de-r-7268-bilhoes-apos-leilao-de-petroleo/,14,out,2019
6645,www.infomoney.com.br/mercados/pib-da-china-cessao-onerosa-e-ibc-br-o-que-voce-precisa-acompanhar-na-proxima-semana/,11,out,2019
